1,กรุงเทพมหานคร,KRUNG THEP MAHA NAKHON (BANGKOK),999,0000-00-00,0000-00-00
2,กระบี่,KRABI,999,0000-00-00,0000-00-00
3,กาญจนบุรี,KANCHANABURI,999,0000-00-00,0000-00-00
4,กาฬสินธุ์,KALASIN,999,0000-00-00,0000-00-00
5,กำแพงเพชร,KAMPHAENG PHET,999,0000-00-00,0000-00-00
6,ขอนแก่น,KHON KAEN,999,0000-00-00,0000-00-00
7,จันทบุรี,CHANTHABURI,999,0000-00-00,0000-00-00
8,ฉะเชิงเทรา,CHACHOENGSAO,999,0000-00-00,0000-00-00
9,ชลบุรี,CHON BURI,999,0000-00-00,0000-00-00
10,ชัยนาท,CHAI NAT,999,0000-00-00,0000-00-00
11,ชัยภูมิ,CHAIYAPHUM,999,0000-00-00,0000-00-00
12,ชุมพร,CHUMPHON,999,0000-00-00,0000-00-00
13,เชียงราย,CHIANG RAI,999,0000-00-00,0000-00-00
14,เชียงใหม่,CHIANG MAI,999,0000-00-00,0000-00-00
15,ตรัง,TRANG,999,0000-00-00,0000-00-00
16,ตราด,TRAT,999,0000-00-00,0000-00-00
17,ตาก,TAK,999,0000-00-00,0000-00-00
18,นครนายก,NAKHON NAYOK,999,0000-00-00,0000-00-00
19,นครปฐม,NAKHON PATHOM,999,0000-00-00,0000-00-00
20,นครพนม,NAKHON PHANOM,999,0000-00-00,0000-00-00
21,นครราชสีมา,NAKHON RATCHASIMA,999,0000-00-00,0000-00-00
22,นครศรีธรรมราช,NAKHON SI THAMMARAT,999,0000-00-00,0000-00-00
23,นครสวรรค์,NAKHON SAWAN,999,0000-00-00,0000-00-00
24,นนทบุรี,NONTHABURI,999,0000-00-00,0000-00-00
25,นราธิวาส,NARATHIWAT,999,0000-00-00,0000-00-00
26,น่าน,NAN,999,0000-00-00,0000-00-00
27,บึงกาฬ,BUENG KAN,999,0000-00-00,0000-00-00
28,บุรีรัมย์,BURI RAM,999,0000-00-00,0000-00-00
29,ปทุมธานี,PATHUM THANI,999,0000-00-00,0000-00-00
30,ประจวบคีรีขันธ์,PRACHUAP KHIRI KHAN,999,0000-00-00,0000-00-00
31,ปราจีนบุรี,PRACHIN BURI,999,0000-00-00,0000-00-00
32,ปัตตานี,PATTANI,999,0000-00-00,0000-00-00
33,พระนครศรีอยุธยา,PHRA NAKHON SI AYUTTHAYA,999,0000-00-00,0000-00-00
34,พะเยา,PHAYAO,999,0000-00-00,0000-00-00
35,พังงา,PHANGNGA,999,0000-00-00,0000-00-00
36,พัทลุง,PHATTHALUNG,999,0000-00-00,0000-00-00
37,พิจิตร,PHICHIT,999,0000-00-00,0000-00-00
38,พิษณุโลก,PHITSANULOK,999,0000-00-00,0000-00-00
39,เพชรบุรี,PHETCHABURI,999,0000-00-00,0000-00-00
40,เพชรบูรณ์,PHETCHABUN,999,0000-00-00,0000-00-00
41,แพร่,PHRAE,999,0000-00-00,0000-00-00
42,ภูเก็ต,PHUKET,999,0000-00-00,0000-00-00
43,มหาสารคาม,MAHA SARAKHAM,999,0000-00-00,0000-00-00
44,มุกดาหาร,MUKDAHAN,999,0000-00-00,0000-00-00
45,แม่ฮ่องสอน,MAE HONG SON,999,0000-00-00,0000-00-00
46,ยโสธร,YASOTHON,999,0000-00-00,0000-00-00
47,ยะลา,YALA,999,0000-00-00,0000-00-00
48,ร้อยเอ็ด,ROI ET,999,0000-00-00,0000-00-00
49,ระนอง,RANONG,999,0000-00-00,0000-00-00
50,ระยอง,RAYONG,999,0000-00-00,0000-00-00
51,ราชบุรี,RATCHABURI,999,0000-00-00,0000-00-00
52,ลพบุรี,LOP BURI,999,0000-00-00,0000-00-00
53,ลำปาง,LAMPANG,999,0000-00-00,0000-00-00
54,ลำพูน,LAMPHUN,999,0000-00-00,0000-00-00
55,เลย,LOEI,999,0000-00-00,0000-00-00
56,ศรีสะเกษ,SI SA KET,999,0000-00-00,0000-00-00
57,สกลนคร,SAKON NAKHON,999,0000-00-00,0000-00-00
58,สงขลา,SONGKHLA,999,0000-00-00,0000-00-00
59,สตูล,SATUN,999,0000-00-00,0000-00-00
60,สมุทรปราการ,SAMUT PRAKAN,999,0000-00-00,0000-00-00
61,สมุทรสงคราม,SAMUT SONGKHRAM,999,0000-00-00,0000-00-00
62,สมุทรสาคร,SAMUT SAKHON,999,0000-00-00,0000-00-00
63,สระแก้ว,SA KAEO,999,0000-00-00,0000-00-00
64,สระบุรี,SARABURI,999,0000-00-00,0000-00-00
65,สิงห์บุรี,SING BURI,999,0000-00-00,0000-00-00
66,สุโขทัย,SUKHOTHAI,999,0000-00-00,0000-00-00
67,สุพรรณบุรี,SUPHAN BURI,999,0000-00-00,0000-00-00
68,สุราษฎร์ธานี,SURAT THANI,999,0000-00-00,0000-00-00
69,สุรินทร์,SURIN,999,0000-00-00,0000-00-00
70,หนองคาย,NONG KHAI,999,0000-00-00,0000-00-00
71,หนองบัวลำภู,NONG BUA LAM PHU,999,0000-00-00,0000-00-00
72,อ่างทอง,ANG THONG,999,0000-00-00,0000-00-00
73,อำนาจเจริญ,AMNAT CHAROEN,999,0000-00-00,0000-00-00
74,อุดรธานี,UDON THANI,999,0000-00-00,0000-00-00
75,อุตรดิตถ์,UTTARADIT,999,0000-00-00,0000-00-00
76,อุทัยธานี,UTHAI THANI,999,0000-00-00,0000-00-00
77,อุบลราชธานี,UBON RATCHATHANI,999,0000-00-00,0000-00-00
78,ใบโหระพา,BASIL LEAF,0000-00-00,0000-00-00,999
79,ผักชีไทย,CORIANDER THAILAND,0000-00-00,0000-00-00,999
80,รากผักชี,CELERY ROOT,0000-00-00,0000-00-00,999
81,ผักชีฝรั่ง,PARSLEY,0000-00-00,0000-00-00,999
82,ผักชีลาว,DILL,0000-00-00,0000-00-00,999
83,พริกกระเหรี่ยง,CHILI KAREN,0000-00-00,0000-00-00,999
84,พริกขี้หนูสวน,HOT CHILLI,0000-00-00,0000-00-00,999
85,พริกจินดาเขียว,JINDA GREEN PEPPER,0000-00-00,0000-00-00,999
86,พริกจินดาแดง,JINDA RED PEPPER,0000-00-00,0000-00-00,999
87,พริกชี้ฟ้า,CHILI,0000-00-00,0000-00-00,999
88,พริกมัน,CHILI'S,0000-00-00,0000-00-00,999
89,พริกยอดสน,TOP BLACK PEPPER,0000-00-00,0000-00-00,999
90,พริกยำเขียว,GREEN PEPPER SALAD,0000-00-00,0000-00-00,999
91,พริกยำแดง,RED PEPPER SALAD,0000-00-00,0000-00-00,999
92,พริกสดเหลือง,YELLOW CHILI,0000-00-00,0000-00-00,999
93,พริกสวนหอม,PEPPER ONION PARK,0000-00-00,0000-00-00,999
94,พริกหยวก,BELL PEPPER,0000-00-00,0000-00-00,999
95,พริกอ่อน,MILD CHILI,0000-00-00,0000-00-00,999
96,พริกไทยอ่อน,PEPPER,0000-00-00,0000-00-00,999
97,มะนาวเบอร์ใหญ่,LIME BIG NUMBERS,0000-00-00,0000-00-00,999
98,มะนาวเบอร์กลาง,LIME BERRY CENTER,0000-00-00,0000-00-00,999
99,มะนาวเบอร์เล็ก,A SMALL NUMBER LEMON,0000-00-00,0000-00-00,999
100,กรีนคอส,COSTA GREEN,0000-00-00,0000-00-00,999
101,กะหล่ำดอก(ขาว),CAULIFLOWER (WHITE),0000-00-00,0000-00-00,999
102,กะหล่ำดอก(แดง),CAULIFLOWER (RED),0000-00-00,0000-00-00,999
103,กะหล่ำปลีเขียว,GREEN CABBAGE,0000-00-00,0000-00-00,999
104,กะหล่ำปลีขาว(แกะเปลือก),CABBAGE WHITE (PEELED),0000-00-00,0000-00-00,999
105,กะหล่ำปลีม่วง,PURPLE CABBAGE,0000-00-00,0000-00-00,999
106,กะหล่ำปลีหัวใจ,CABBAGE HEART,0000-00-00,0000-00-00,999
107,คะน้าฮ่องกง,KALE,0000-00-00,0000-00-00,999
108,คาราจีโอ้,KARA GOP,0000-00-00,0000-00-00,999
109,ขึ้นฉ่ายฝรั่ง,CELERY GUAVA,0000-00-00,0000-00-00,999
110,แครอทไทย,CARROTS THAILAND,0000-00-00,0000-00-00,999
111,แครอทนอก,THE CARROT,0000-00-00,0000-00-00,999
112,ซูก้าสแน็ค(ถั่วหวาน),SUGAR SNACK (SWEET PEAS),0000-00-00,0000-00-00,999
113,ซุกินี่,UESUGI HERE,0000-00-00,0000-00-00,999
114,เซลอรี่,SELF DISCOVERY,0000-00-00,0000-00-00,999
115,ดอกกะหล่ำเจดีย์,PAGODA CAULIFLOWER,0000-00-00,0000-00-00,999
116,ดอกหอม,PRIVACY POLICY,0000-00-00,0000-00-00,999
117,กระเทียมต้น,LEEK,0000-00-00,0000-00-00,999
118,ต้นหอมญี่ปุ่น,JAPANESE ONION,0000-00-00,0000-00-00,999
119,ตั้งโอ๋,OH SET,0000-00-00,0000-00-00,999
120,แตงกวาญี่ปุ่น,JAPANESE CUCUMBER,0000-00-00,0000-00-00,999
121,แตงกวานอก,CUCUMBER OUTSIDE,0000-00-00,0000-00-00,999
122,ทัชซอย,TOUCH ALLEY,0000-00-00,0000-00-00,999
123,บร็อคโคลี่จีน,BROCCOLI BROCCOLI CHINESE,0000-00-00,0000-00-00,999
124,บล็อคโคลี่ไทย,BROCCOLI THAILAND,0000-00-00,0000-00-00,999
125,บัตเตอร์เฮท,BUTTER HEATHFIELD,0000-00-00,0000-00-00,999
126,บีทรูท,BEETROOT,0000-00-00,0000-00-00,999
127,เบบี้แครอท,BABY CARROTS,0000-00-00,0000-00-00,999
128,ปวยเหล็งไทย,PUEBLO SIA THAILAND,0000-00-00,0000-00-00,999
129,ปวยเหล็งนอก,PUEBLO LENG OUTSIDE,0000-00-00,0000-00-00,999
130,ผักกวางตุ้งดอก,CHOY FLOWERS,0000-00-00,0000-00-00,999
131,ผักกวางตุ้งไต้หวัน,CHOY TAIWAN,0000-00-00,0000-00-00,999
132,ผักกวางตุ้งธรรมดา,CHOY COMMON,0000-00-00,0000-00-00,999
133,ยอดผักกวางตุ้ง,TOP CHOY,0000-00-00,0000-00-00,999
134,ผักกาดแก้ว,LETTUCE,0000-00-00,0000-00-00,999
135,ผักกาดขาวปลี,CHINESE CABBAGE,0000-00-00,0000-00-00,999
136,ผักกาดเขียวปลี,LEAF MUSTARD,0000-00-00,0000-00-00,999
137,ผักกาดขาว(ลุ้ย),LETTUCE (TF),0000-00-00,0000-00-00,999
138,ผักกาดเขียว,TURNIP GREENS,0000-00-00,0000-00-00,999
139,ผักชีญี่ปุ่น,CORIANDER JAPAN,0000-00-00,0000-00-00,999
140,ผักโสภณ,SOPHON VEGETABLES,0000-00-00,0000-00-00,999
141,ผักกาดหางหงษ์,BEET TAIL HONG,0000-00-00,0000-00-00,999
142,พริกหวานสีเขียว,GREEN BELL PEPPER,0000-00-00,0000-00-00,999
143,พริกหวานสีแดง,RED BELL PEPPER,0000-00-00,0000-00-00,999
144,พริกหวานสีเหลือง,YELLOW BELL PEPPER,0000-00-00,0000-00-00,999
145,พอเพิลเบซิล,SIMPLE ENOUGH BASIL,0000-00-00,0000-00-00,999
146,ฟริเซ่,AFRICAN ROSE,0000-00-00,0000-00-00,999
147,ฟาร์สเลย์,FARS LAY,0000-00-00,0000-00-00,999
148,มะเขือเทศเชอร์รี่,CHERRY TOMATOES,0000-00-00,0000-00-00,999
149,มะเขือเทศผลใหญ่,LARGE TOMATOES,0000-00-00,0000-00-00,999
150,มะเขือเทศเรดฮันนี่,TOMATO RED HONEY,0000-00-00,0000-00-00,999
151,มะเขือเทศสีดา,CHERRY TOMATOES,0000-00-00,0000-00-00,999
152,มะเขือเทศราชินี,CHERRY TOMATOES,0000-00-00,0000-00-00,999
153,มะนาวเหลือง(เลมอน),LEMON (LEMON),0000-00-00,0000-00-00,999
154,มันฝรั่ง,POTATO,0000-00-00,0000-00-00,999
155,มิซซูนา,MIZ SUE CROFT,0000-00-00,0000-00-00,999
156,ยอดฟักแม้ว,TOP CHAYOTE,0000-00-00,0000-00-00,999
157,ลูกฟักแม้ว,MULLION MEO,0000-00-00,0000-00-00,999
158,ร็อคเก็ต,ROCK SKATE,0000-00-00,0000-00-00,999
159,เรดคอส,REID COSTA,0000-00-00,0000-00-00,999
160,เรดโอ้ค,RED OAK,0000-00-00,0000-00-00,999
161,แรดิช,RADISH,0000-00-00,0000-00-00,999
162,สลัดแก้ว,GLASS SALAD,0000-00-00,0000-00-00,999
163,สลัดคอส,SALAD COSMO,0000-00-00,0000-00-00,999
164,สลัดใบแดง,RED SALAD,0000-00-00,0000-00-00,999
165,หัวไชเท้า,RADISH,0000-00-00,0000-00-00,999
166,อิตาเลี่ยนพาร์สเลย์,ITALIAN PARSLEY,0000-00-00,0000-00-00,999
167,เบบี้หางหงษ์,BABY SWAN TAIL,0000-00-00,0000-00-00,999
168,เบบี้ฮ่องเต้,BABY EMPEROR,0000-00-00,0000-00-00,999
169,เรดิชิโอ,RADIO PASEO,0000-00-00,0000-00-00,999
170,พาชอย,TAKE CHOI,0000-00-00,0000-00-00,999
171,ยอดกระถิน,TOP ACACIA,0000-00-00,0000-00-00,999
172,ฝักอ่อนกระถิน,ACACIA PODS,0000-00-00,0000-00-00,999
173,กะโตวา,I TOVAR,0000-00-00,0000-00-00,999
174,ยอดอ่อนกระชาย,SOFT CORRESPONDENTS,0000-00-00,0000-00-00,999
175,ยอดแค,TOP CAT,0000-00-00,0000-00-00,999
176,ดอกแค,FLOWER CAT,0000-00-00,0000-00-00,999
177,ดอกกระเจี๊ยบ,ROSELLE,0000-00-00,0000-00-00,999
178,ใบกระเจี๊ยบแดง,ROSELLE LEAVES,0000-00-00,0000-00-00,999
179,ดอกกระเจียว,FLOWERS,0000-00-00,0000-00-00,999
180,ดอกขี้เหล็ก,CASSIA FLOWER,0000-00-00,0000-00-00,999
181,ดอกงิ้ว,FLOWER OPERA,0000-00-00,0000-00-00,999
182,ดอกสลิด,FLOWER GOURAMI,0000-00-00,0000-00-00,999
183,ดอกโสน,SESBANIA,0000-00-00,0000-00-00,999
184,ยอดคูณ,TOP MULTIPLY,0000-00-00,0000-00-00,999
185,ตังออ,PRICING,0000-00-00,0000-00-00,999
186,ใบทองหลาง,BAI LANG,0000-00-00,0000-00-00,999
187,ใบกระโดน,LEAF JUMPING,0000-00-00,0000-00-00,999
188,ใบชะพลู,CHAPLO,0000-00-00,0000-00-00,999
189,ใบเตย,PANDAN,0000-00-00,0000-00-00,999
190,ใบบัวบก,ASIATIC,0000-00-00,0000-00-00,999
191,ใบพริก,PEPPER LEAVES,0000-00-00,0000-00-00,999
192,ใบมะยมอ่อน,GOOSEBERRY LEAVES LOW,0000-00-00,0000-00-00,999
193,ใบยอ,LEAVES YORK,0000-00-00,0000-00-00,999
194,ลูกยอ,NONI,0000-00-00,0000-00-00,999
195,ใบย่านาง,YANANG,0000-00-00,0000-00-00,999
196,ใบส้มปอย,ORANGE LEAVES STRANDS,0000-00-00,0000-00-00,999
197,ผักกระทือ,VEGETABLES ACTION,0000-00-00,0000-00-00,999
198,ผักกาดสร้อย,LETTUCE CHAIN,0000-00-00,0000-00-00,999
199,ผักก้านจอง,VEGETABLES ROD BOOK,0000-00-00,0000-00-00,999
200,ผักขจร,PERVADING VEGETABLES,0000-00-00,0000-00-00,999
201,ผักขมป็อบอาย,SPINACH POP EYE,0000-00-00,0000-00-00,999
202,ผักแขยง,VEGETABLES LOATHE,0000-00-00,0000-00-00,999
203,ผักตับเต่า,TAP TAO VEGETABLES,0000-00-00,0000-00-00,999
204,ผักติ้ว,TIO VEGETABLES,0000-00-00,0000-00-00,999
205,ผักบุ้งนา,THE MORNING GLORY,0000-00-00,0000-00-00,999
206,ยอดผักปลัง,TOP MALABAR,0000-00-00,0000-00-00,999
207,ดอกปลัง,THE FLOWER POWER,0000-00-00,0000-00-00,999
208,ผักแผ้ว,CHEETAH VEGETABLES,0000-00-00,0000-00-00,999
209,ผักพาย,VEGETABLE PIE,0000-00-00,0000-00-00,999
210,ผักแว่น,PHAK WAEN,0000-00-00,0000-00-00,999
211,ผักหกเกตุ,VEGETABLES SIX NEPTUNE,0000-00-00,0000-00-00,999
212,ผักหนาม,THISTLES,0000-00-00,0000-00-00,999
213,ผักหวานบ้าน,SAUROPUS ANDROGYNUS,0000-00-00,0000-00-00,999
214,ผักหวานป่า,MELIENTHA SUAVIS,0000-00-00,0000-00-00,999
215,ผังพวย,CHART SPOUT,0000-00-00,0000-00-00,999
216,ฝักลิ้นฟ้า,PODS BLUE TONGUE,0000-00-00,0000-00-00,999
217,ภู่ฟ้า-ชะเลือด,PHU - CHA BLOOD,0000-00-00,0000-00-00,999
218,มะระขี้นก,BITTER GOURD,0000-00-00,0000-00-00,999
219,ยอดมะระขี้นก,TOP GOURD,0000-00-00,0000-00-00,999
220,ยอดจิก,TOP MAGIC,0000-00-00,0000-00-00,999
221,ยอดฟักทอง,TOP PUMPKIN,0000-00-00,0000-00-00,999
222,ยอดมะกอก,TOP OLIVES,0000-00-00,0000-00-00,999
223,ลูกมะกอก,OLIVE,0000-00-00,0000-00-00,999
224,ยอดมะขามอ่อน,BALANCE TAMARIND SOFT,0000-00-00,0000-00-00,999
225,ฝักมะขามอ่อน,TAMARIND PODS WEAK,0000-00-00,0000-00-00,999
226,ยอดมะตูม,TOP QUINCE,0000-00-00,0000-00-00,999
227,ยอดมะม่วงอ่อน,MANGO SOFT TOP,0000-00-00,0000-00-00,999
228,ยอดตำลึง,TOP GOURD,0000-00-00,0000-00-00,999
229,ลูกกำจัด,THE REMOVAL,0000-00-00,0000-00-00,999
230,ลูกค้อ,BABY COD,0000-00-00,0000-00-00,999
231,ลูกเนียง,NIANG CHILDREN,0000-00-00,0000-00-00,999
232,ลูกเหลียง,THE LEUNG,0000-00-00,0000-00-00,999
233,สะตอฝัก,SATO POD,0000-00-00,0000-00-00,999
234,สะเดาดอก,NEEM FLOWERS,0000-00-00,0000-00-00,999
235,สะเดาใบ,NEEM LEAVES,0000-00-00,0000-00-00,999
236,หัวปลี,BANANA BLOSSOM,0000-00-00,0000-00-00,999
237,เห็ดขอนขาว,MUSHROOM LOG WHITE,0000-00-00,0000-00-00,999
238,เห็ดโคน,MUSHROOM,0000-00-00,0000-00-00,999
239,เห็ดตับเต่า,TAP TAO MUSHROOMS,0000-00-00,0000-00-00,999
240,เห็ดเผาะ,BASA MUSHROOMS,0000-00-00,0000-00-00,999
241,เห็ดลม,MUSHROOM WIND,0000-00-00,0000-00-00,999
242,เห็ดละโงก,MUSHROOMS DROWSINESS,0000-00-00,0000-00-00,999
243,เห็ดภูฏาน,MUSHROOMS BHUTAN,0000-00-00,0000-00-00,999
244,ไหลบัว,BOA FLOW,0000-00-00,0000-00-00,999
245,ใบยี่หร่า,FENNEL LEAVES,0000-00-00,0000-00-00,999
246,มะแว้ง,SOLANUM TRILOBATUM,0000-00-00,0000-00-00,999
247,กล้วยไข่กำแพงเพชร,BANANAS PHET,0000-00-00,0000-00-00,999
248,กล้วยไข่กำแพงเพชรเบอร์ใหญ่,BANANAS PHET BIG NUMBERS,0000-00-00,0000-00-00,999
249,กล้วยไข่กำแพงเพชรเบอร์กลาง,BANANA BERRY CENTRAL REGISTER,0000-00-00,0000-00-00,999
250,กล้วยไข่กำแพงเพชรเบอร์เล็ก,BANANAS SMALL NUMBER PHET,0000-00-00,0000-00-00,999
251,กล้วยน้ำว้านวล,BANANA CREAM,0000-00-00,0000-00-00,999
252,กล้วยน้ำว้านวลเบอร์ใหญ่,BANANA CLAY BIG NUMBERS,0000-00-00,0000-00-00,999
253,กล้วยน้ำว้านวลเบอร์กลาง,BANANA BERRY CLAY CENTER,0000-00-00,0000-00-00,999
254,กล้วยน้ำว้านวลเบอร์เล็ก,BANANA CREAM SMALL NUMBER,0000-00-00,0000-00-00,999
255,กล้วยหอมทอง,BANANA,0000-00-00,0000-00-00,999
256,กล้วยหอมทองเบอร์ใหญ่,BANANA BIG NUMBERS,0000-00-00,0000-00-00,999
257,กล้วยหอมทองเบอร์กลาง,BANANA BERRY CENTER,0000-00-00,0000-00-00,999
258,กล้วยหอมทองเบอร์เล็ก,BANANA SMALL NUMBER,0000-00-00,0000-00-00,999
259,ขนุนจำปากรอบ,CHAMPA WOOD FRAME,0000-00-00,0000-00-00,999
260,ขนุนทองประเสริฐ,JACK GOLD SUBLIME,0000-00-00,0000-00-00,999
261,ขนุนทองสุดใจ,JACK GOLD HEART,0000-00-00,0000-00-00,999
262,ขนุนมาเลย์,JACK MALAY,0000-00-00,0000-00-00,999
263,ขนุนเหรียญบาท,JACK BAHT COINS,0000-00-00,0000-00-00,999
264,แคนตาลูปเบอร์ใหญ่(1),CANTALOUPE BIG NUMBERS (1),0000-00-00,0000-00-00,999
265,แคนตาลูปเบอร์กลาง(2),CANTALOUPE CENTRAL NUMBER (2),0000-00-00,0000-00-00,999
266,แคนตาลูปเบอร์เล็ก(3),CANTALOUPE SMALL NUMBER (3),0000-00-00,0000-00-00,999
267,ชมพู่พลาสติก,PINK PLASTIC,0000-00-00,0000-00-00,999
268,ชมพู่ทับทิมจันทร์,APPLE POMEGRANATE MONDAY,0000-00-00,0000-00-00,999
269,ชมพู่ทับทิมจันทร์เบอร์ยอด(1),MONDAY'S TOP RUBY EUGENIA (1),0000-00-00,0000-00-00,999
270,ชมพู่ทับทิมจันทร์เบอร์รอง(2),APPLE POMEGRANATE VICE MONDAY (2),0000-00-00,0000-00-00,999
271,ชมพู่ทับทิมจันทร์เบอร์เล็ก(3),APPLE'S SMALL POMEGRANATE MONDAY (3),0000-00-00,0000-00-00,999
272,ชมพู่ทูลเกล้า,APPLE ASCENSION,0000-00-00,0000-00-00,999
273,ชมพู่ทูลเกล้าเบอร์ยอด(1),APPLE'S BALANCE ASCENSION (1),0000-00-00,0000-00-00,999
274,ชมพู่ทูลเกล้าเบอร์รอง(2),APPLE VICE ASCENSION (2),0000-00-00,0000-00-00,999
275,ชมพู่ทูลเกล้าเบอร์เล็ก(3),APPLE ASCENSION SMALL NUMBER (3),0000-00-00,0000-00-00,999
276,ชมพู่มะเหมียว,APPLE MAMIEW,0000-00-00,0000-00-00,999
277,ชมพู่เพ็ชร,APPLE RATATOUILLE,0000-00-00,0000-00-00,999
278,ชมพู่เพ็ชรเบอร์ยอด(1),RATATOUILLE APPLE'S SALES (1),0000-00-00,0000-00-00,999
279,ชมพู่เพ็ชรเบอร์รอง(2),APPLE VICE RATATOUILLE (2),0000-00-00,0000-00-00,999
280,ชมพู่เพ็ชรเบอร์เล็ก(3),APPLE RATATOUILLE SMALL NUMBER (3),0000-00-00,0000-00-00,999
281,แตงโมกินรี,WATERMELON KINNAREE,0000-00-00,0000-00-00,999
282,แตงโมกินรีเบอร์ใหญ่(1),KINNAREE BIG WATERMELON NUMBER (1),0000-00-00,0000-00-00,999
283,แตงโมกินรีเบอร์กลาง(2),WATERMELON KINNAREE CENTRAL NUMBER (2),0000-00-00,0000-00-00,999
284,แตงโมกินรีเบอร์เล็ก(3),WATERMELON KINNAREE SMALL NUMBER (3),0000-00-00,0000-00-00,999
285,แตงโมจินตหรา,WATERMELON JINTARA,0000-00-00,0000-00-00,999
286,แตงโมจินตหราเบอร์ใหญ่(1),JINTARA BIG WATERMELON NUMBER (1),0000-00-00,0000-00-00,999
287,แตงโมจินตหราเบอร์กลาง(2),WATERMELON JINTARA CENTRAL NUMBER (2),0000-00-00,0000-00-00,999
288,แตงโมจินตหราเบอร์เล็ก(3),WATERMELON JINTARA SMALL NUMBER (3),0000-00-00,0000-00-00,999
289,แตงโมตอปิโด,WATERMELON TORPEDO,0000-00-00,0000-00-00,999
290,แตงโมตอปิโดเบอร์ใหญ่(1),WATERMELON TORPEDO BIG NUMBERS (1),0000-00-00,0000-00-00,999
291,แตงโมตอปิโดเบอร์กลาง(2),WATERMELON TORPEDO CENTRAL NUMBER (2),0000-00-00,0000-00-00,999
292,แตงโมตอปิโดเบอร์เล็ก(3),WATERMELON TORPEDO SMALL NUMBER (3),0000-00-00,0000-00-00,999
293,แตงโมน้ำผึ้ง(สีเหลือง),WATERMELON HONEY (YELLOW),0000-00-00,0000-00-00,999
294,แตงโมน้ำผึ้งเบอร์ใหญ่(1),WATERMELON HONEY HARBOUR (1),0000-00-00,0000-00-00,999
295,แตงโมน้ำผึ้งเบอร์กลาง(2),WATERMELON HONEY HARBOUR (2),0000-00-00,0000-00-00,999
296,แตงโมน้ำผึ้งเบอร์เล็ก(3),HONEY MELON SMALL NUMBER (3),0000-00-00,0000-00-00,999
297,ฝรั่งไร้เมล็ด,GUAVA WITHOUT SEEDS,0000-00-00,0000-00-00,999
298,ฝรั่งไร้เมล็ดเบอร์ใหญ่(1),SEEDLESS GUAVA BIG NUMBERS (1),0000-00-00,0000-00-00,999
299,ฝรั่งไร้เมล็ดเบอร์กลาง(2),SEEDLESS GUAVA BERRY (2),0000-00-00,0000-00-00,999
300,ฝรั่งไร้เมล็ดเบอร์พิเศษ(3),SEEDLESS GUAVA BERRY (3),0000-00-00,0000-00-00,999
301,ฝรั่งกิมจู,WESTERN KIM JU,0000-00-00,0000-00-00,999
302,ฝรั่งกิมจูเบอร์ใหญ่(1),KIM JU-WESTERN BIG NUMBERS (1),0000-00-00,0000-00-00,999
303,ฝรั่งกิมจูเบอร์กลาง(2),KIM JU WESTERN CENTRAL NUMBER (2),0000-00-00,0000-00-00,999
304,ฝรั่งกิมจูเบอร์พิเศษ(3),FRANCE'S JULIE KIM (3),0000-00-00,0000-00-00,999
305,ฝรั่งแป้นสีทอง,WESTERN GOLDEN KEY,0000-00-00,0000-00-00,999
306,ฝรั่งแป้นสีทองเบอร์ใหญ่(1),WESTERN GOLDEN KEY NUMBERS (1),0000-00-00,0000-00-00,999
307,ฝรั่งแป้นสีทองเบอร์กลาง(2),WESTERN GOLDEN KEY NUMBERS (2),0000-00-00,0000-00-00,999
308,ฝรั่งแป้นสีทองเบอร์พิเศษ(3),WESTERN GOLDEN KEY NUMBERS (3),0000-00-00,0000-00-00,999
309,ฝรั่งกลมสาลี่,WESTERN ROUND BARROW,0000-00-00,0000-00-00,999
310,ฝรั่งกลมสาลี่เบอร์ยอด(1),WESTERN ROUND BARROW'S PEAK (1),0000-00-00,0000-00-00,999
311,ฝรั่งกลมสาลี่เบอร์กลาง(2),GUAVA PEAR ROUND NUMBER (2),0000-00-00,0000-00-00,999
312,ฝรั่งกลมสาลี่เบอร์พิเศษ(3),GUAVA PEAR ROUND NUMBER (3),0000-00-00,0000-00-00,999
313,พุทรานมสด/สาลี่เบอร์คัด(1),JUJUBE MILK / PEAR COPY NUMBER (1),0000-00-00,0000-00-00,999
314,พุทรานมสด/สาลี่,JUJUBE MILK / BARROW,0000-00-00,0000-00-00,999
315,พุทรานมสด/สาลี่เบอร์รอง(2),JUJUBE MILK / VICE BARROW (2),0000-00-00,0000-00-00,999
316,พุทรานมสด/สาลี่เบอร์เล็ก(3),JUJUBE MILK / PEAR SMALL NUMBER (3),0000-00-00,0000-00-00,999
317,พุทราบอมส์เบ,PUSH KNOW BOOMS BAY,0000-00-00,0000-00-00,999
318,พุทราบอมส์เบเบอร์ใหญ่(1),PUSH KNOW BOOMS BABER (1),0000-00-00,0000-00-00,999
319,พุทราบอมส์เบเบอร์รอง(2),PUSH KNOW BOOMS BABER DEPUTY (2),0000-00-00,0000-00-00,999
320,พุทราบอมส์เบเบอร์เล็ก(3),PUSH KNOW BOOMS BABER (3),0000-00-00,0000-00-00,999
321,พุทราสงวนทอง,JUJUBE GOLD RESERVES,0000-00-00,0000-00-00,999
322,พุทราสงวนทองเบอร์คัด(1),JUJUBE GOLD RESERVES COPY NUMBER (1),0000-00-00,0000-00-00,999
323,พุทราสงวนทองเบอร์รอง(2),JUJUBE VICE GOLD RESERVES (2),0000-00-00,0000-00-00,999
324,พุทราสงวนทองเบอร์เล็ก(3),JUJUBE'S GOLD RESERVES (3),0000-00-00,0000-00-00,999
325,พุทราสามรส(คละ),JUJUBE SWEET AND SOUR SAUCE (MIXED),0000-00-00,0000-00-00,999
326,พุทราพวงทอง(คละ),JUJUBE CHOMPOOTRIP (MIXED),0000-00-00,0000-00-00,999
327,มะกอกฝรั่ง(คละ),SPONDIAS DULCIS (MIXED),0000-00-00,0000-00-00,999
328,มะพร้าวเผา,COCONUT,0000-00-00,0000-00-00,999
329,มะพร้าวเผาเบอร์ใหญ่(1),COCONUT BIG NUMBERS (1),0000-00-00,0000-00-00,999
330,มะพร้าวเผาเบอร์กลาง(2),COCONUT CENTRAL NUMBER (2),0000-00-00,0000-00-00,999
331,มะพร้าวเผาเบอร์เล็ก(3),COCONUT SMALL NUMBER (3),0000-00-00,0000-00-00,999
332,มะพร้าวเผาเบอร์จิ๋ว(4),COCONUT TINY NUMBER (4),0000-00-00,0000-00-00,999
333,มะพร้าวอ่อนน้ำหอม,COCONUT FRAGRANCE,0000-00-00,0000-00-00,999
334,มะพร้าวอ่อนน้ำหอมเบอร์ใหญ่(1),COCONUT FRAGRANCE BIG NUMBER (1),0000-00-00,0000-00-00,999
335,มะพร้าวอ่อนน้ำหอมเบอร์กลาง(2),COCONUT FRAGRANCE CENTRAL NUMBER (2),0000-00-00,0000-00-00,999
336,มะพร้าวอ่อนน้ำหอมเบอร์เล็ก(3),COCONUT FRAGRANCE SMALL NUMBER (3),0000-00-00,0000-00-00,999
337,มะพร้าวอ่อนน้ำหอมเบอร์จิ๋ว(4),COCONUT FRAGRANCE TINY NUMBER (4),0000-00-00,0000-00-00,999
338,มะละกอแขกดำ,PAPAYA BLACK,0000-00-00,0000-00-00,999
339,มะละกอแขกดำเบอร์ใหญ่(1),PAPAYA BIG BLACK NUMBERS (1),0000-00-00,0000-00-00,999
340,มะละกอแขกดำเบอร์กลาง(2),PAPAYA BLACK BERRY (2),0000-00-00,0000-00-00,999
341,มะละกอแขกดำเบอร์เล็ก(3),PAPAYA BLACK SMALL NUMBER (3),0000-00-00,0000-00-00,999
342,มะละกอฮาวาย,HAWAIIAN PAPAYA,0000-00-00,0000-00-00,999
343,มะละกอฮาวายเบอร์ใหญ่(1),HAWAIIAN PAPAYA BIG NUMBERS (1),0000-00-00,0000-00-00,999
344,มะละกอฮาวายเบอร์กลาง(2),HAWAII'S PAPAYA (2),0000-00-00,0000-00-00,999
345,มะละกอฮาวายเบอร์เล็ก(3),HAWAIIAN PAPAYA SMALL NUMBER (3),0000-00-00,0000-00-00,999
346,มะละกอใต้หวัน,PAPAYA TAIWAN,0000-00-00,0000-00-00,999
347,มะละกอใต้หวันเบอร์ใหญ่(1),TAIWAN PAPAYAS BIG NUMBERS (1),0000-00-00,0000-00-00,999
348,มะละกอใต้หวันเบอร์กลาง(2),PAPAYA TAIWAN'S CENTRAL (2),0000-00-00,0000-00-00,999
349,มะละกอใต้หวันเบอร์เล็ก(3),TAIWAN PAPAYAS A SMALL NUMBER (3),0000-00-00,0000-00-00,999
350,มะละกอปักไม้ลาย,PAPAYA LACE WOOD,0000-00-00,0000-00-00,999
351,มะละกอปักไม้ลายเบอร์ใหญ่(1),PAPAYA FRUIT EMBROIDERY PATTERN NUMBER (1),0000-00-00,0000-00-00,999
352,มะละกอปักไม้ลายเบอร์กลาง(2),PAPAYA FRUIT EMBROIDERY PATTERN NUMBER (2),0000-00-00,0000-00-00,999
353,มะละกอปักไม้ลายเบอร์เล็ก(3),PAPAYA FRUIT EMBROIDERED PATTERN SMALL NUMBER (3),0000-00-00,0000-00-00,999
354,ละมุดมาเลย์,SAPODILLA BAY,0000-00-00,0000-00-00,999
355,ละมุดมาเลย์เบอร์ใหญ่,MALAYSIAN SAPODILLA BIG NUMBERS,0000-00-00,0000-00-00,999
356,ละมุดมาเลย์เบอร์กลาง,SAPODILLA BAY HARBOUR CENTRAL,0000-00-00,0000-00-00,999
357,ละมุดมาเลย์เบอร์เล็ก,SAPODILLA BAY SMALL NUMBERS,0000-00-00,0000-00-00,999
358,ละมุดหวานกรอบ,SAPODILLA SWEET FRAME,0000-00-00,0000-00-00,999
359,ละมุดหวานกรอบเบอร์ใหญ่,THE FRUIT IS SWEET CRISP BIG NUMBERS,0000-00-00,0000-00-00,999
360,ละมุดหวานกรอบเบอร์กลาง,THE FRUIT IS MEDIUM SWEET BERRY CRISP,0000-00-00,0000-00-00,999
361,ละมุดหวานกรอบเบอร์เล็ก,SAPODILLA SWEET LITTLE BERRY CRISP,0000-00-00,0000-00-00,999
362,ละมุดหวานสุก,SWEET RIPE SAPODILLA,0000-00-00,0000-00-00,999
363,ละมุดหวานสุกเบอร์ใหญ่,THE FRUIT IS SWEET RIPE BERRY BIG,0000-00-00,0000-00-00,999
364,ละมุดหวานสุกเบอร์กลาง,THE FRUIT IS MEDIUM SWEET RIPE BERRY,0000-00-00,0000-00-00,999
365,ละมุดหวานสุกเบอร์เล็ก,THE FRUIT IS RIPE SWEET LITTLE NUMBER,0000-00-00,0000-00-00,999
366,ส้มเขียวหวาน,ORANGE,0000-00-00,0000-00-00,999
367,ส้มเขียวหวานเบอร์00,TANGERINE NO 00,0000-00-00,0000-00-00,999
368,ส้มเขียวหวานเบอร์0,TANGERINE NUMBER 0,0000-00-00,0000-00-00,999
369,ส้มเขียวหวานเบอร์1,TANGERINE NO 1,0000-00-00,0000-00-00,999
370,ส้มเขียวหวานเบอร์2,TANGERINE NO 2,0000-00-00,0000-00-00,999
371,ส้มเขียวหวานเบอร์3,TANGERINE NO 3,0000-00-00,0000-00-00,999
372,ส้มเขียวหวานสีน้ำตาล,TANGERINE BROWN,0000-00-00,0000-00-00,999
373,ส้มเขียวหวานสีน้ำตาลเบอร์00,TANGERINE BROWN NO 00,0000-00-00,0000-00-00,999
374,ส้มเขียวหวานสีน้ำตาลเบอร์0,ORANGE BROWN NUMBER 0,0000-00-00,0000-00-00,999
375,ส้มเขียวหวานสีน้ำตาลเบอร์1,TANGERINE BROWN NO 1,0000-00-00,0000-00-00,999
376,ส้มเขียวหวานสีน้ำตาลเบอร์2,TANGERINE BROWN NO 2,0000-00-00,0000-00-00,999
377,ส้มเขียวหวานสีน้ำตาลเบอร์3,TANGERINE BROWN NO 3,0000-00-00,0000-00-00,999
378,ส้มโชกุล,ORANGE CHO KUN,0000-00-00,0000-00-00,999
379,ส้มโชกุลเบอร์00,CHO KUN ORANGE NO 00,0000-00-00,0000-00-00,999
380,ส้มโชกุลเบอร์0,MR CHO'S ORANGE 0,0000-00-00,0000-00-00,999
381,ส้มโชกุลเบอร์1,CHO KUN NUMBER 1 ORANGE,0000-00-00,0000-00-00,999
382,ส้มโชกุลเบอร์2,ORANGE CHO KUN NO 2,0000-00-00,0000-00-00,999
383,ส้มโชกุลเบอร์3,ORANGE CHO KUN NO 3,0000-00-00,0000-00-00,999
384,ส้มฟรีมองค์,ORANGE FREE MONCK,0000-00-00,0000-00-00,999
385,ส้มฟรีมองค์เบอร์00,ORANGE FREE MONCK NO 00,0000-00-00,0000-00-00,999
386,ส้มฟรีมองค์เบอร์0,ORANGE FREE MONCK NUMBER 0,0000-00-00,0000-00-00,999
387,ส้มฟรีมองค์เบอร์1,ORANGE FREE MONCK NO 1,0000-00-00,0000-00-00,999
388,ส้มฟรีมองค์เบอร์2,ORANGE FREE MONCK NO 2,0000-00-00,0000-00-00,999
389,ส้มฟรีมองค์เบอร์3,ORANGE FREE MONCK NO 3,0000-00-00,0000-00-00,999
390,ส้มสายน้ำผึ้ง,ORANGE HONEYSUCKLE,0000-00-00,0000-00-00,999
391,ส้มสายน้ำผึ้งเบอร์72,HONEYSUCKLE ORANGE NO 72,0000-00-00,0000-00-00,999
392,ส้มสายน้ำผึ้งเบอร์84,HONEYSUCKLE ORANGE NO 84,0000-00-00,0000-00-00,999
393,ส้มสายน้ำผึ้งเบอร์105,ORANGE HONEYSUCKLE NO 105,0000-00-00,0000-00-00,999
394,ส้มสายน้ำผึ้งเบอร์7,HONEYSUCKLE ORANGE NO 7,0000-00-00,0000-00-00,999
395,ส้มสายน้ำผึ้งเบอร์6,ORANGE HONEYSUCKLE NO 6,0000-00-00,0000-00-00,999
396,ส้มสายน้ำผึ้งเบอร์5,ORANGE HONEYSUCKLE NO 5,0000-00-00,0000-00-00,999
397,ส้มสายน้ำผึ้งเบอร์4,ORANGE HONEYSUCKLE NO 4,0000-00-00,0000-00-00,999
398,ส้มสายน้ำผึ้งเบอร์3,ORANGE HONEYSUCKLE NO 3,0000-00-00,0000-00-00,999
399,ส้มสีทองเบอร์คละ,ORANGE GOLD MIXED NUMBERS,0000-00-00,0000-00-00,999
400,ส้มเหนือ,NORTH ORANGE,0000-00-00,0000-00-00,999
401,ส้มเหนือเบอร์00,NO 00 NORTH ORANGE,0000-00-00,0000-00-00,999
402,ส้มเหนือเบอร์0,ORANGE NORTH HARBOUR 0,0000-00-00,0000-00-00,999
403,ส้มเหนือเบอร์1,NORTH ORANGE NO 1,0000-00-00,0000-00-00,999
404,ส้มเหนือเบอร์2,ORANGE OVER NO 2,0000-00-00,0000-00-00,999
405,ส้มเหนือเบอร์3,ORANGE OVER NO 3,0000-00-00,0000-00-00,999
406,ส้มจีน,MANDARIN,0000-00-00,0000-00-00,999
407,สับปะรดตราดสีทอง,TRAD GOLDEN PINEAPPLE,0000-00-00,0000-00-00,999
408,สับปะรดตราดสีทองเบอร์1,TRAD GOLDEN PINEAPPLE NUMBER ONE,0000-00-00,0000-00-00,999
409,สับปะรดตราดสีทองเบอร์2,TRAD GOLDEN PINEAPPLE NUMBER 2,0000-00-00,0000-00-00,999
410,สับปะรดตราดสีทองเบอร์3,TRAD GOLDEN PINEAPPLE NUMBER 3,0000-00-00,0000-00-00,999
411,สับปะรดตราดสีทองเบอร์4,TRAD GOLDEN PINEAPPLE NUMBER 4,0000-00-00,0000-00-00,999
412,สัปปะรดปัตเวีย(ศรีราชา),PINEAPPLE TURVY PAVIA (SRIRACHA),0000-00-00,0000-00-00,999
413,สัปปะรดปัตเวียเบอร์1,PINEAPPLE TURVY WEIR NO 1,0000-00-00,0000-00-00,999
414,สัปปะรดปัตเวียเบอร์2,PINEAPPLE TURVY WEIR NO 2,0000-00-00,0000-00-00,999
415,สัปปะรดปัตเวียเบอร์3,PINEAPPLE TURVY WEIR NO 3,0000-00-00,0000-00-00,999
416,สัปปะรดปัตเวียเบอร์4,PINEAPPLE TURVY WEIR NO 4,0000-00-00,0000-00-00,999
417,องุ่นเขียว,GREEN GRAPES,0000-00-00,0000-00-00,999
418,องุ่นเขียวเบอร์ยอด,NUMBERS PEAKED GRAPES,0000-00-00,0000-00-00,999
419,องุ่นเขียวเบอร์รอง,GREEN GRAPES VICE,0000-00-00,0000-00-00,999
420,องุ่นเขียวเบอร์เล็ก,A SMALL NUMBER OF GREEN GRAPES,0000-00-00,0000-00-00,999
421,องุ่นดำ,BLACK GRAPE,0000-00-00,0000-00-00,999
422,องุ่นดำเบอร์ยอด,BLACK GRAPE'S ELITE,0000-00-00,0000-00-00,999
423,องุ่นดำเบอร์รอง,BLACK GRAPES VICE,0000-00-00,0000-00-00,999
424,องุ่นดำเบอร์เล็ก,A SMALL NUMBER OF BLACK GRAPES,0000-00-00,0000-00-00,999
425,กล้วยไข่ตราด-จันทบุรี,BANANAS TRAT - CHANTHABURI,0000-00-00,0000-00-00,999
426,กล้วยไข่ตราด-จันทบุรีเบอร์เล็ก,BANANAS TRAT - CHANTHABURI SMALL NUMBER,0000-00-00,0000-00-00,999
427,กล้วยไข่ตราด-จันทบุรีเบอร์กลาง,BANANAS TRAT - CHANTHABURI CENTRAL NUMBER,0000-00-00,0000-00-00,999
428,กล้วยไข่ตราด-จันทบุรีเบอร์ใหญ่,BANANAS TRAT - CHANTHABURI LARGE NUMBERS,0000-00-00,0000-00-00,999
429,กระท้อนขันทอง,SANTOL KHANTHONG,0000-00-00,0000-00-00,999
430,กระท้อนขันทองเบอร์ใหญ่,SANTOL KHANTHONG BIG NUMBERS,0000-00-00,0000-00-00,999
431,กระท้อนขันทองเบอร์กลาง,SANTOL'S CENTRAL KHANTHONG,0000-00-00,0000-00-00,999
432,กระท้อนขันทองเบอร์เล็ก,SANTOL SMALL NUMBER KHANTHONG,0000-00-00,0000-00-00,999
433,กระท้อนทองกำมะยี่,SENTUL GOLDEN VELVET GRIP,0000-00-00,0000-00-00,999
434,กระท้อนทองกำมะยี่เบอร์ใหญ่,FOR A LARGE NUMBER TWENTY GOLD SENTUL,0000-00-00,0000-00-00,999
435,กระท้อนทองกำมะยี่เบอร์กลาง,SENTUL GOLDEN VELVET GRIP CENTRAL NUMBER,0000-00-00,0000-00-00,999
436,กระท้อนทองกำมะยี่เบอร์เล็ก,FOR A SMALL NUMBER TWENTY GOLD SENTUL,0000-00-00,0000-00-00,999
437,กระท้อนทับทิม,SANTOL RUBY,0000-00-00,0000-00-00,999
438,กระท้อนทับทิมเบอร์ใหญ่,SANTOL RUBY BIG NUMBERS,0000-00-00,0000-00-00,999
439,กระท้อนทับทิมเบอร์กลาง,RUBY'S MIDDLE SANTOL,0000-00-00,0000-00-00,999
440,กระท้อนทับทิมเบอร์เล็ก,SANTOL'S SMALL POMEGRANATE,0000-00-00,0000-00-00,999
441,กระท้อนทิพย์รส,SANTOL NECTAR FLAVOR,0000-00-00,0000-00-00,999
442,กระท้อนทิพย์รสเบอร์ใหญ่,SANTOL NECTAR FLAVOR BIG NUMBERS,0000-00-00,0000-00-00,999
443,กระท้อนทิพย์รสเบอร์กลาง,SANTOL HEAVENLY TASTE BIRMINGHAM CENTRAL,0000-00-00,0000-00-00,999
444,กระท้อนทิพย์รสเบอร์เล็ก,SANTOL NECTAR FLAVOR SMALL NUMBER,0000-00-00,0000-00-00,999
445,กระท้อนนิ่มนวล,SANTOL BLAND,0000-00-00,0000-00-00,999
446,กระท้อนนิ่มนวลเบอร์ใหญ่,SANTOL SUPPLE BIG NUMBERS,0000-00-00,0000-00-00,999
447,กระท้อนนิ่มนวลเบอร์กลาง,SANTOL SUPPLE CENTRAL NUMBER,0000-00-00,0000-00-00,999
448,กระท้อนนิ่มนวลเบอร์เล็ก,SANTOL SUPPLE SMALL NUMBER,0000-00-00,0000-00-00,999
449,กระท้อนปุยฝ้าย,SANTOL WADDING,0000-00-00,0000-00-00,999
450,กระท้อนปุยฝ้ายเบอร์ใหญ่,SANTOL WADDING BIG NUMBERS,0000-00-00,0000-00-00,999
451,กระท้อนปุยฝ้ายเบอร์กลาง,SANTOL'S CENTRAL WADDING,0000-00-00,0000-00-00,999
452,กระท้อนปุยฝ้ายเบอร์เล็ก,SANTOL SMALL NUMBER WADDING,0000-00-00,0000-00-00,999
453,กระท้อนอิล่า,SANTOL'S HUNT,0000-00-00,0000-00-00,999
454,กระท้อนอิล่าเบอร์ใหญ่,IT'S A BIG NUMBER SANTOL,0000-00-00,0000-00-00,999
455,กระท้อนอิล่าเบอร์กลาง,IT'S THE NUMBER SANTOL,0000-00-00,0000-00-00,999
456,กระท้อนอิล่าเบอร์เล็ก,IT'S A SMALL NUMBER SANTOL,0000-00-00,0000-00-00,999
457,แก้วมังกรไทย,DRAGON THAILAND,0000-00-00,0000-00-00,999
458,แก้วมังกรไทยเบอร์ใหญ่,DRAGON THAILAND BIG NUMBERS,0000-00-00,0000-00-00,999
459,แก้วมังกรไทยเบอร์กลาง,THAILAND'S CENTRAL DRAGON,0000-00-00,0000-00-00,999
460,แก้วมังกรไทยเบอร์เล็ก,THAILAND'S SMALL FRUIT,0000-00-00,0000-00-00,999
461,แก้วมังกรเวียดนาม,VIETNAMESE DRAGON FRUIT,0000-00-00,0000-00-00,999
462,แก้วมังกรเวียดนามเบอร์ใหญ่,VIETNAMESE DRAGON BIG NUMBERS,0000-00-00,0000-00-00,999
463,แก้วมังกรเวียดนามเบอร์กลาง,VIETNAM'S CENTRAL DRAGON,0000-00-00,0000-00-00,999
464,แก้วมังกรเวียดนามเบอร์เล็ก,VIETNAMESE DRAGON'S TINY,0000-00-00,0000-00-00,999
465,เงาะโรงเรียน,RAMBUTAN,0000-00-00,0000-00-00,999
466,เงาะโรงเรียน(ลัง),RAMBUTAN (CRATE),0000-00-00,0000-00-00,999
467,เงาะโรงเรียน(โกย),RAMBUTAN (PITCHFORK),0000-00-00,0000-00-00,999
468,เงาะสีชมพู(คละ),RAMBUTAN PINK (ASSORTED),0000-00-00,0000-00-00,999
469,ทับทิมเบอร์จัมโบ้(1),RUBY'S JUMBO (1),0000-00-00,0000-00-00,999
470,ทับทิมเบอร์ใหญ่(2),BIG RUBY'S (2),0000-00-00,0000-00-00,999
471,ทับทิมเบอร์กลาง(3),RUBY'S MEDIUM (3),0000-00-00,0000-00-00,999
472,ทุเรียนกระดุม,DURIAN BUTTON,0000-00-00,0000-00-00,999
473,ทุเรียนกระดุมเกรดA(1),DURIAN BUTTON GRADE A (1),0000-00-00,0000-00-00,999
474,ทุเรียนกระดุมเกรดB(2),DURIAN BUTTONS GRADE B (2),0000-00-00,0000-00-00,999
475,ทุเรียนกระดุมเกรดC(3),DURIAN BUTTONS GRADE C (3),0000-00-00,0000-00-00,999
476,ทุเรียนก้านยาวเกรดA(1),DURIAN STEMS GRADE A (1),0000-00-00,0000-00-00,999
477,ทุเรียนก้านยาว,DURIAN WILT CHAMBERLAIN,0000-00-00,0000-00-00,999
478,ทุเรียนก้านยาวเกรดB(2),DURIAN STEMS GRADE B (2),0000-00-00,0000-00-00,999
479,ทุเรียนก้านยาวเกรดC(3),DURIAN STEMS GRADE C (3),0000-00-00,0000-00-00,999
480,ทุเรียนชะนี,DURIAN GIBBONS,0000-00-00,0000-00-00,999
481,ทุเรียนชะนีเกรดA(1),DURIAN GIBBONS GRADE A (1),0000-00-00,0000-00-00,999
482,ทุเรียนชะนีเกรดB(2),DURIAN GIBBONS GRADE B (2),0000-00-00,0000-00-00,999
483,ทุเรียนชะนีเกรดC(3),DURIAN GIBBONS GRADE C (3),0000-00-00,0000-00-00,999
484,ทุเรียนหมอนทอง,DURIAN MON THONG,0000-00-00,0000-00-00,999
485,ทุเรียนหมอนทองเกรดA(1),DURIAN CV GRADE A (1),0000-00-00,0000-00-00,999
486,ทุเรียนหมอนทองเกรดB(2),DURIAN CV GRADE B (2),0000-00-00,0000-00-00,999
487,ทุเรียนหมอนทองเกรดC(3),DURIAN CV GRADE C (3),0000-00-00,0000-00-00,999
488,น้อยหน่าเนื้อ,ANNONA MEAT,0000-00-00,0000-00-00,999
489,น้อยหน่าเนื้อเบอร์จัมโบ้,ANNONA JUMBO BEEF BURGER,0000-00-00,0000-00-00,999
490,น้อยหน่าเนื้อเบอร์ใหญ่,CUSTARD TEXTURE BIG NUMBERS,0000-00-00,0000-00-00,999
491,น้อยหน่าเนื้อเบอร์กลาง,BERRY CUSTARD TEXTURE MEDIUM,0000-00-00,0000-00-00,999
492,น้อยหน่าเนื้อเบอร์เล็ก,ANNONA SMALL NUMBER MEAT,0000-00-00,0000-00-00,999
493,น้อยหน่าเนื้อเบอร์จิ๋ว,CUSTARD TEXTURE TINY NUMBER,0000-00-00,0000-00-00,999
494,น้อยหน่าหนัง,ANNONA MOVIE,0000-00-00,0000-00-00,999
495,น้อยหน่าหนังเบอร์จัมโบ้,ANNONA FILM'S JUMBO,0000-00-00,0000-00-00,999
496,น้อยหน่าหนังเบอร์ใหญ่,ANNONA MOVIE BIG NUMBERS,0000-00-00,0000-00-00,999
497,น้อยหน่าหนังเบอร์กลาง,THE FILM'S CENTRAL CUSTARD,0000-00-00,0000-00-00,999
498,น้อยหน่าหนังเบอร์เล็ก,THE FILM'S SMALL CUSTARD,0000-00-00,0000-00-00,999
499,น้อยหน่าหนังเบอร์จิ๋ว,THE FILM'S TINY ANNONA,0000-00-00,0000-00-00,999
500,มะกอกน้ำ(คละ),MAKAKNGM (MIXED),0000-00-00,0000-00-00,999
501,มะขามเทศเบอร์ใหญ่,MAKAMETS BIG NUMBERS,0000-00-00,0000-00-00,999
502,มะขามเทศเบอร์กลาง,MAKAMETS CALL CENTER,0000-00-00,0000-00-00,999
503,มะขามเทศเบอร์เล็ก,A SMALL NUMBER MAKAMETS,0000-00-00,0000-00-00,999
504,มะขามหวานลินจง,TAMARIND LINHG,0000-00-00,0000-00-00,999
505,มะขามหวานลินจงเบอร์ใหญ่,TAMARIND LINHG BIG NUMBERS,0000-00-00,0000-00-00,999
506,มะขามหวานลินจงเบอร์กลาง,TAMARIND'S CENTRAL LINHG,0000-00-00,0000-00-00,999
507,มะขามหวานลินจงเบอร์เล็ก,TAMARIND SMALL NUMBER LINHG,0000-00-00,0000-00-00,999
508,มะขามหวานสีชมพู,TAMARIND SWEET PINK,0000-00-00,0000-00-00,999
509,มะขามหวานสีชมพูเบอร์ใหญ่,TAMARIND SWEET PINK BIG NUMBERS,0000-00-00,0000-00-00,999
510,มะขามหวานสีชมพูเบอร์กลาง,TAMARIND SWEET PINK BERRY MIDDLE,0000-00-00,0000-00-00,999
511,มะขามหวานสีชมพูเบอร์เล็ก,TAMARIND SWEET LITTLE PINK NUMBER,0000-00-00,0000-00-00,999
512,มะขามหวานสีทอง,TAMARIND GOLD,0000-00-00,0000-00-00,999
513,มะขามหวานสีทองเบอร์ใหญ่,TAMARIND GOLDEN BIG NUMBERS,0000-00-00,0000-00-00,999
514,มะขามหวานสีทองเบอร์กลาง,TAMARIND'S GOLDEN MIDDLE,0000-00-00,0000-00-00,999
515,มะขามหวานสีทองเบอร์เล็ก,A SMALL NUMBER OF GOLDEN SWEET TAMARIND,0000-00-00,0000-00-00,999
516,มะปราง(คละ),MAPRANG (MIXED),0000-00-00,0000-00-00,999
517,มะยงชิด,MAIGCHID,0000-00-00,0000-00-00,999
518,มะยงชิดเบอร์ใหญ่,MAIGCHID BIG NUMBERS,0000-00-00,0000-00-00,999
519,มะยงชิดเบอร์กลาง,MAIGCHID CALL CENTER,0000-00-00,0000-00-00,999
520,มะยงชิดเบอร์เล็ก,A SMALL NUMBER MAIGCHID,0000-00-00,0000-00-00,999
521,มะเฟือง(คละ),GOOSEBERRY (MIXED),0000-00-00,0000-00-00,999
522,มะไฟไข่เต่า(คละ),MA FAI TURTLE EGGS (MIXED),0000-00-00,0000-00-00,999
523,มะไฟเหรียญทอง,MA FAI GOLD,0000-00-00,0000-00-00,999
524,มะม่วงแก้ว,MANGO GLASS,0000-00-00,0000-00-00,999
525,มะม่วงแก้วเบอร์0,MANGO GLASS BURTON 0,0000-00-00,0000-00-00,999
526,มะม่วงแก้วเบอร์1,MANGO GLASS NO 1,0000-00-00,0000-00-00,999
527,มะม่วงแก้วเบอร์2,NUMBER TWO GLASSES OF MANGO,0000-00-00,0000-00-00,999
528,มะม่วงแก้วเบอร์3,MANGO GLASS NO 3,0000-00-00,0000-00-00,999
529,มะม่วงแก้วลืมรัง,MANGO GLASS LOST NEST,0000-00-00,0000-00-00,999
530,มะม่วงแก้วลืมรังเบอร์0,MANGO GLASS LOST NEST NUMBERS 0,0000-00-00,0000-00-00,999
531,มะม่วงแก้วลืมรังเบอร์1,RANG THE NUMBER ONE GLASS OF MANGO,0000-00-00,0000-00-00,999
532,มะม่วงแก้วลืมรังเบอร์2,MANGO GLASS LOST NEST NO 2,0000-00-00,0000-00-00,999
533,มะม่วงแก้วลืมรังเบอร์3,MANGO GLASS LOST NEST NO 3,0000-00-00,0000-00-00,999
534,มะม่วงเขียวเสวย,MANGO EKIIWESWI,0000-00-00,0000-00-00,999
535,มะม่วงเขียวเสวยเบอร์0,MANGO EKIIWESWI NUMBER 0,0000-00-00,0000-00-00,999
536,มะม่วงเขียวเสวยเบอร์1,MANGO EKIIWESWI NO 1,0000-00-00,0000-00-00,999
537,มะม่วงเขียวเสวยเบอร์2,MANGO EKIIWESWI NO 2,0000-00-00,0000-00-00,999
538,มะม่วงเขียวเสวยเบอร์3,MANGO EKIIWESWI NO 3,0000-00-00,0000-00-00,999
539,มะม่วงโชคอนันต์แก่,MANGO LUCK TO INFINITY,0000-00-00,0000-00-00,999
540,มะม่วงโชคอนันต์แก่เบอร์0,MANGO LUCKY NUMBERS 0 TO INFINITY,0000-00-00,0000-00-00,999
541,มะม่วงโชคอนันต์แก่เบอร์1,FORTUNATELY FOR MANGO INFINITE NUMBER 1,0000-00-00,0000-00-00,999
542,มะม่วงโชคอนันต์แก่เบอร์2,FORTUNATELY FOR MANGO INFINITE NUMBER TWO,0000-00-00,0000-00-00,999
543,มะม่วงโชคอนันต์แก่เบอร์3,FORTUNATELY FOR MANGO INFINITE NUMBER 3,0000-00-00,0000-00-00,999
544,มะม่วงโชคอนันต์สุก,RIPE MANGO CHOK ANAN,0000-00-00,0000-00-00,999
545,มะม่วงโชคอนันต์สุกเบอร์0,RIPE MANGOES HAVE AN INFINITE NUMBER 0,0000-00-00,0000-00-00,999
546,มะม่วงโชคอนันต์สุกเบอร์1,RIPE MANGOES HAVE AN INFINITE NUMBER 1,0000-00-00,0000-00-00,999
547,มะม่วงโชคอนันต์สุกเบอร์2,RIPE MANGOES HAVE AN INFINITE NUMBER TWO,0000-00-00,0000-00-00,999
548,มะม่วงโชคอนันต์สุกเบอร์3,RIPE MANGOES HAVE AN INFINITE NUMBER 3,0000-00-00,0000-00-00,999
549,มะม่วงทองดำ,MANGO BLACK GOLD,0000-00-00,0000-00-00,999
550,มะม่วงทองดำเบอร์0,MANGO'S BLACK GOLD 0,0000-00-00,0000-00-00,999
551,มะม่วงทองดำเบอร์1,MANGO'S FIRST BLACK GOLD,0000-00-00,0000-00-00,999
552,มะม่วงทองดำเบอร์2,MANGO BLACK GOLD NUMBER TWO,0000-00-00,0000-00-00,999
553,มะม่วงทองดำเบอร์3,MANGO BLACK GOLD NO 3,0000-00-00,0000-00-00,999
554,มะม่วงน้ำดอกไม้แก่,MANGO THE,0000-00-00,0000-00-00,999
555,มะม่วงน้ำดอกไม้แก่เบอร์0,MANGO THE NUMBER 0,0000-00-00,0000-00-00,999
556,มะม่วงน้ำดอกไม้แก่เบอร์1,MANGO THE NUMBER 1,0000-00-00,0000-00-00,999
557,มะม่วงน้ำดอกไม้แก่เบอร์2,MANGO THE NUMBER TWO,0000-00-00,0000-00-00,999
558,มะม่วงน้ำดอกไม้แก่เบอร์3,MANGO THE NUMBER 3,0000-00-00,0000-00-00,999
559,มะม่วงน้ำดอกไม้สุก,RIPE MANGO,0000-00-00,0000-00-00,999
560,มะม่วงน้ำดอกไม้สุกเบอร์0,MANGO RIPE BERRY 0,0000-00-00,0000-00-00,999
561,มะม่วงน้ำดอกไม้สุกเบอร์1,NO 1 RIPE MANGO,0000-00-00,0000-00-00,999
562,มะม่วงน้ำดอกไม้สุกเบอร์2,RIPE MANGO NO 2,0000-00-00,0000-00-00,999
563,มะม่วงน้ำดอกไม้สุกเบอร์3,RIPE MANGO NO 3,0000-00-00,0000-00-00,999
564,มะม่วงน้ำดอกไม้อ่อน,MANGO SOFT,0000-00-00,0000-00-00,999
565,มะม่วงน้ำดอกไม้อ่อนเบอร์0,LIGHT MANGO BERRY 0,0000-00-00,0000-00-00,999
566,มะม่วงน้ำดอกไม้อ่อนเบอร์1,NO 1 SOFT MANGO,0000-00-00,0000-00-00,999
567,มะม่วงน้ำดอกไม้อ่อนเบอร์2,NO 2 SOFT MANGO,0000-00-00,0000-00-00,999
568,มะม่วงน้ำดอกไม้อ่อนเบอร์3,NO 3 SOFT MANGO,0000-00-00,0000-00-00,999
569,มะม่วงฟ้าลั่นทั่วไปเบอร์0,MANGO THUNDER GENERAL NUMBER 0,0000-00-00,0000-00-00,999
570,มะม่วงฟ้าลั่นทั่วไปเบอร์1,MANGO THUNDER GENERAL NUMBER ONE,0000-00-00,0000-00-00,999
571,มะม่วงฟ้าลั่นทั่วไปเบอร์2,MANGO THUNDER GENERAL NUMBER 2,0000-00-00,0000-00-00,999
572,มะม่วงฟ้าลั่นทั่วไปเบอร์3,MANGO THUNDER GENERAL NUMBER 3,0000-00-00,0000-00-00,999
573,มะม่วงฟ้าลั่นสามพราน,MANGO ROSE THUNDER,0000-00-00,0000-00-00,999
574,มะม่วงฟ้าลั่นสามพรานเบอร์0,MANGO ROSE'S THUNDER 0,0000-00-00,0000-00-00,999
575,มะม่วงฟ้าลั่นสามพรานเบอร์1,MANGO ROSE THUNDER NO 1,0000-00-00,0000-00-00,999
576,มะม่วงฟ้าลั่นสามพรานเบอร์2,MANGO THUNDER ROSE NO 2,0000-00-00,0000-00-00,999
577,มะม่วงฟ้าลั่นสามพรานเบอร์3,MANGO THUNDER ROSE NO 3,0000-00-00,0000-00-00,999
578,มะม่วงมันเดือนเก้า,MANGO IS NINE MONTHS,0000-00-00,0000-00-00,999
579,มะม่วงมันเดือนเก้าเบอร์0,MANGO'S NUMBER NINE MONTH 0,0000-00-00,0000-00-00,999
580,มะม่วงมันเดือนเก้าเบอร์1,MANGO'S FIRST NINE MONTHS IT,0000-00-00,0000-00-00,999
581,มะม่วงมันเดือนเก้าเบอร์2,MANGO'S NINE-MONTH NUMBER TWO,0000-00-00,0000-00-00,999
582,มะม่วงมันเดือนเก้าเบอร์3,MANGO'S NINE-MONTH NUMBER THREE,0000-00-00,0000-00-00,999
583,มะม่วงแรด,MANGO RHINO,0000-00-00,0000-00-00,999
584,มะม่วงแรดเบอร์0,MANGO RHINO NUMBERS 0,0000-00-00,0000-00-00,999
585,มะม่วงแรดเบอร์1,MANGO'S FIRST RHINO,0000-00-00,0000-00-00,999
586,มะม่วงแรดเบอร์2,MANGO'S TWO RHINO,0000-00-00,0000-00-00,999
587,มะม่วงแรดเบอร์3,MANGO RHINO NUMBERS 3,0000-00-00,0000-00-00,999
588,มะม่วงหนองแซง,MANGO ZANG,0000-00-00,0000-00-00,999
589,มะม่วงหนองแซงเบอร์0,MANGO ZANG NUMBER 0,0000-00-00,0000-00-00,999
590,มะม่วงหนองแซงเบอร์1,MANGO ZANG NO 1,0000-00-00,0000-00-00,999
591,มะม่วงหนองแซงเบอร์2,MANGO ZANG NO 2,0000-00-00,0000-00-00,999
592,มะม่วงหนองแซงเบอร์3,MANGO ZANG NO 3,0000-00-00,0000-00-00,999
593,มะม่วงหนังกลางวัน,MANGO MATINEE,0000-00-00,0000-00-00,999
594,มะม่วงหนังกลางวันเบอร์0,MANGO'S MATINEE 0,0000-00-00,0000-00-00,999
595,มะม่วงหนังกลางวันเบอร์1,MANGO'S FIRST MATINEE,0000-00-00,0000-00-00,999
596,มะม่วงหนังกลางวันเบอร์2,MANGO MATINEE NO 2,0000-00-00,0000-00-00,999
597,มะม่วงหนังกลางวันเบอร์3,MANGO MATINEE NO 3,0000-00-00,0000-00-00,999
598,มะม่วงอกร่องดิบ,RAW MANGO AKREAG,0000-00-00,0000-00-00,999
599,มะม่วงอกร่องดิบเบอร์0,MANGO AKREAG RAW NUMBERS 0,0000-00-00,0000-00-00,999
600,มะม่วงอกร่องดิบเบอร์1,NO 1 RAW MANGO AKREAG,0000-00-00,0000-00-00,999
601,มะม่วงอกร่องดิบเบอร์2,NO 2 RAW MANGOES AKREAG,0000-00-00,0000-00-00,999
602,มะม่วงอกร่องดิบเบอร์3,RAW MANGO AKREAG NO 3,0000-00-00,0000-00-00,999
603,มะม่วงอกร่องสุก,RIPE MANGOES AKREAG,0000-00-00,0000-00-00,999
604,มะม่วงอกร่องสุกเบอร์0,RIPE MANGOES AKREAG NUMBER 0,0000-00-00,0000-00-00,999
605,มะม่วงอกร่องสุกเบอร์1,NO 1 RIPE MANGO AKREAG,0000-00-00,0000-00-00,999
606,มะม่วงอกร่องสุกเบอร์2,NO 2 RIPE MANGOS AKREAG,0000-00-00,0000-00-00,999
607,มะม่วงอกร่องสุกเบอร์3,NO 3 RIPE MANGOES AKREAG,0000-00-00,0000-00-00,999
608,มังคุดผิวมันเบอร์ยอด(1),MANGOSTEEN SKIN'S BALANCE (1),0000-00-00,0000-00-00,999
609,มังคุดผิวมันเบอร์รอง(2),MANGOSTEEN GLOSSY NUMBER PAD (2),0000-00-00,0000-00-00,999
610,มังคุดผิวมันเบอร์เล็ก(3),IT'S A SMALL FRUIT SKIN (3),0000-00-00,0000-00-00,999
611,มังคุดผิวมัน(คละ),MANGOSTEEN OILY (MIXED),0000-00-00,0000-00-00,999
612,ระกำหวานเบอร์ยอด(1),BROKEN TOP SWEET BERRY (1),0000-00-00,0000-00-00,999
613,ระกำหวานเบอร์คัดช่อ(2),BROKEN SWEET BERRY BOUQUET SCREENING (2),0000-00-00,0000-00-00,999
614,ระกำหวานเบอร์รวม(3),BROKEN SWEET BERRY (3),0000-00-00,0000-00-00,999
615,ระกำหวาน(คละ),BROKEN SWEET (MIXED),0000-00-00,0000-00-00,999
616,ลองกอง(ช่อ),WOLLONGONG (BOUQUET),0000-00-00,0000-00-00,999
617,ลองกอง(ช่อ)เบอร์ยอด(1),WOLLONGONG (CHO) PEAK NUMBER (1),0000-00-00,0000-00-00,999
618,ลองกอง(ช่อ)เบอร์รอง(2),WOLLONGONG (CHO) VICE (2),0000-00-00,0000-00-00,999
619,ลองกอง(ช่อ)เบอร์รวม(3),WOLLONGONG (BOUQUET) NO (3),0000-00-00,0000-00-00,999
620,ลองกอง(ช่อ)เบอร์คละ,WOLLONGONG (BOUQUET) MIXED BERRY,0000-00-00,0000-00-00,999
621,ลอนตาล(คละ),TAN SALON (MIXED),0000-00-00,0000-00-00,999
622,ละไม(คละ),LAMAI (MIXED),0000-00-00,0000-00-00,999
623,ลางสาด(ช่อ),LANGSAT (BOUQUET),0000-00-00,0000-00-00,999
624,ลางสาด(ช่อ)เบอร์ยอด(1),LANGSAT (CHO) PEAK NUMBER (1),0000-00-00,0000-00-00,999
625,ลางสาด(ช่อ)เบอร์คัดช่อ(2),LANGSAT (CHO) CHO COPY NUMBER (2),0000-00-00,0000-00-00,999
626,ลางสาด(ช่อ)เบอร์รวม(3),LANGSAT (BOUQUET) NO (3),0000-00-00,0000-00-00,999
627,ลางสาด(ช่อ)คละ,LANGSAT (BOUQUET) MIXED,0000-00-00,0000-00-00,999
628,ลำไยกะโหลก,LONGAN SKULL,0000-00-00,0000-00-00,999
629,ลำไยกะโหลกเบอร์จัมโบ้(1),LONGAN'S SKULL JUMBO (1),0000-00-00,0000-00-00,999
630,ลำไยกะโหลกเบอร์ใหญ่(2),LONGAN SKULL BIG NUMBERS (2),0000-00-00,0000-00-00,999
631,ลำไยกะโหลกเบอร์กลาง(3),LONGAN SKULL CENTRAL NUMBER (3),0000-00-00,0000-00-00,999
632,ลำไยกะโหลก(คละ),LONGAN SKULL (MIXED),0000-00-00,0000-00-00,999
633,ลำไยสีชมพู,LONGAN PINK,0000-00-00,0000-00-00,999
634,ลำไยสีชมพูเบอร์จัมโบ้(1),LONGAN BERRY PINK JUMBO (1),0000-00-00,0000-00-00,999
635,ลำไยสีชมพูเบอร์ใหญ่(2),PINK BERRY FRUITS (2),0000-00-00,0000-00-00,999
636,ลำไยสีชมพูเบอร์กลาง(3),LONGAN BERRY PINK MEDIUM (3),0000-00-00,0000-00-00,999
637,ลำไยสีชมพู(คละ),LONGAN PINK (ASSORTED),0000-00-00,0000-00-00,999
638,ลำไยแห้ว,LONGAN FRUSTRATION,0000-00-00,0000-00-00,999
639,ลำไยแห้วเบอร์จัมโบ้(1),LONGAN BERRY TRUFFLE JUMBO (1),0000-00-00,0000-00-00,999
640,ลำไยแห้วเบอร์ใหญ่(2),FRUIT TRUFFLE BURGER (2),0000-00-00,0000-00-00,999
641,ลำไยแห้วเบอร์กลาง(3),LONGAN BERRY TRUFFLE CENTER (3),0000-00-00,0000-00-00,999
642,ลำไยแห้ว(คละ),LONGAN FRUSTRATION (MIXED),0000-00-00,0000-00-00,999
643,ลำไยอีดอ,LONGAN SAEED A,0000-00-00,0000-00-00,999
644,ลำไยอีดอเบอร์จัมโบ้(1),LONGAN SAEED ABERDEEN JUMBO (1),0000-00-00,0000-00-00,999
645,ลำไยอีดอเบอร์ใหญ่(2),LONGAN SAEED ABERDEEN (2),0000-00-00,0000-00-00,999
646,ลำไยอีดอเบอร์กลาง(3),LONGAN SAEED ABERDEEN CENTRAL (3),0000-00-00,0000-00-00,999
647,ลำไยอีดอ(คละ),LONGAN E AMADOR (MIXED),0000-00-00,0000-00-00,999
648,ลิ้นจี่จักรพรรดิ์,LYCHEE NORTHMEN,0000-00-00,0000-00-00,999
649,ลิ้นจี่จักรพรรดิ์เบอร์จัมโบ้(1),LYCHEE EMPEROR'S JUMBO (1),0000-00-00,0000-00-00,999
650,ลิ้นจี่จักรพรรดิ์เบอร์ใหญ่(2),LYCHEE NORTHMEN BIG NUMBERS (2),0000-00-00,0000-00-00,999
651,ลิ้นจี่จักรพรรดิ์เบอร์รอง(3),LYCHEE NORTHMEN VICE (3),0000-00-00,0000-00-00,999
652,ลิ้นจี่ฮงฮวย,LIN HONG'S,0000-00-00,0000-00-00,999
653,ลิ้นจี่ฮงฮวยเบอร์จัมโบ้(1),LIN HONG'S JUMBO BURGER (1),0000-00-00,0000-00-00,999
654,ลิ้นจี่ฮงฮวยเบอร์ใหญ่(2),LIN HONG'S BIG NUMBERS (2),0000-00-00,0000-00-00,999
655,ลิ้นจี่ฮงฮวยเบอร์รอง(3),LIN HONG'S NUMBER PAD (3),0000-00-00,0000-00-00,999
656,ลิ้นจี่โฮเฮียะ,LIN HO COUNTRY SIDE,0000-00-00,0000-00-00,999
657,ลิ้นจี่โฮเฮียะเบอร์จัมโบ้(1),LIN HO COUNTRY SIDE'S JUMBO (1),0000-00-00,0000-00-00,999
658,ลิ้นจี่โฮเฮียะเบอร์ใหญ่(2),LIN HO COUNTRY SIDE BIG NUMBERS (2),0000-00-00,0000-00-00,999
659,ลิ้นจี่โฮเฮียะเบอร์รอง(3),HO LIN DEPUTY COUNTRY SIDE NO (3),0000-00-00,0000-00-00,999
660,ลิ้นจี่กิมเจง,KIM J LIN,0000-00-00,0000-00-00,999
661,ลิ้นจี่กิมเจงเบอร์จัมโบ้(1),LIN KIM J'S JUMBO (1),0000-00-00,0000-00-00,999
662,ลิ้นจี่กิมเจงเบอร์ใหญ่(2),LIN KIM J BERRY (2),0000-00-00,0000-00-00,999
663,ลิ้นจี่กิมเจงเบอร์รอง(3),LIN KIM J'S RESTAURANT (3),0000-00-00,0000-00-00,999
664,ลิ้นจี่ค่อม,LYCHEE STUNTED,0000-00-00,0000-00-00,999
665,ลิ้นจี่ค่อมเบอร์จัมโบ้(1),LYCHEE BEACHCOMBER JUMBO (1),0000-00-00,0000-00-00,999
666,ลิ้นจี่ค่อมเบอร์ใหญ่(2),LYCHEE BEACHCOMBER (2),0000-00-00,0000-00-00,999
667,ลิ้นจี่ค่อมเบอร์รอง(3),LYCHEE BEACHCOMBER RESTAURANT (3),0000-00-00,0000-00-00,999
668,สตอเบอร์รี่(คละ),STRAWBERRY (MIXED),0000-00-00,0000-00-00,999
669,ส้มเช้งเบอร์ยอด(1),GTO'S PEAK (1),0000-00-00,0000-00-00,999
670,ส้มเช้งเบอร์รอง(2),VICE GTO (2),0000-00-00,0000-00-00,999
671,ส้มเช้งเบอร์เล็ก(3),GTO SMALL NUMBER (3),0000-00-00,0000-00-00,999
672,ส้มเช้งเบอร์4,GTO NO 4,0000-00-00,0000-00-00,999
673,ส้มโอขาวน้ำผึ้ง,WHITE GRAPEFRUIT HONEY,0000-00-00,0000-00-00,999
674,ส้มโอขาวน้ำผึ้งเบอร์ใหญ่(1),WHITE GRAPEFRUIT HONEY BIG NUMBERS (1),0000-00-00,0000-00-00,999
675,ส้มโอขาวน้ำผึ้งเบอร์กลาง(2),WHITE GRAPEFRUIT HONEY BERRY (2),0000-00-00,0000-00-00,999
676,ส้มโอขาวน้ำผึ้งเบอร์เล็ก(3),WHITE GRAPEFRUIT HONEY SMALL NUMBER (3),0000-00-00,0000-00-00,999
677,ส้มโอขาวน้ำผึ้งเบอร์4,WHITE GRAPEFRUIT HONEY NO 4,0000-00-00,0000-00-00,999
678,ส้มโอขาวแป้น,GRAPEFRUIT AND WHITE KEYS,0000-00-00,0000-00-00,999
679,ส้มโอขาวแป้นเบอร์ใหญ่(1),WHITE GRAPEFRUIT KEY NUMBER (1),0000-00-00,0000-00-00,999
680,ส้มโอขาวแป้นเบอร์กลาง(2),WHITE GRAPEFRUIT NUMBER KEYS (2),0000-00-00,0000-00-00,999
681,ส้มโอขาวแป้นเบอร์เล็ก(3),WHITE GRAPEFRUIT KEY NUMBER (3),0000-00-00,0000-00-00,999
682,ส้มโอขาวแป้นเบอร์4,GRAPEFRUIT AND WHITE KEYS NO 4,0000-00-00,0000-00-00,999
683,ส้มโอขาวพวง,GRAPEFRUIT KAWPWG,0000-00-00,0000-00-00,999
684,ส้มโอขาวพวงเบอร์ใหญ่(1),GRAPEFRUIT KAWPWG BIG NUMBERS (1),0000-00-00,0000-00-00,999
685,ส้มโอขาวพวงเบอร์กลาง(2),GRAPEFRUIT KAWPWG CENTRAL NUMBER (2),0000-00-00,0000-00-00,999
686,ส้มโอขาวพวงเบอร์เล็ก(3),GRAPEFRUIT KAWPWG SMALL NUMBER (3),0000-00-00,0000-00-00,999
687,ส้มโอขาวพวงเบอร์4,GRAPEFRUIT KAWPWG NO 4,0000-00-00,0000-00-00,999
688,ส้มโอทองดี,GRAPEFRUIT GOLD,0000-00-00,0000-00-00,999
689,ส้มโอทองดีเบอร์ใหญ่(1),GRAPEFRUIT LARGE NUMBER OF GOLD (1),0000-00-00,0000-00-00,999
690,ส้มโอทองดีเบอร์กลาง(2),GRAPEFRUIT GOLD'S MEDIUM (2),0000-00-00,0000-00-00,999
691,ส้มโอทองดีเบอร์เล็ก(3),GRAPEFRUIT GOLD SMALL NUMBER (3),0000-00-00,0000-00-00,999
692,ส้มโอทองดีเบอร์4,GRAPEFRUIT GOLD NUMBER FOUR,0000-00-00,0000-00-00,999
693,สละเบอร์ใหญ่(1),TAKING THE LARGE NUMBER (1),0000-00-00,0000-00-00,999
694,สละเบอร์กลาง(2),TAKING THE NUMBER (2),0000-00-00,0000-00-00,999
695,สละเบอร์เล็ก(3),TAKING A SMALL NUMBER (3),0000-00-00,0000-00-00,999
696,สละ(คละ),TAKING THE (MIXED),0000-00-00,0000-00-00,999
697,อ้อย(คละ),CANE (MIXED),0000-00-00,0000-00-00,999
698,เชอรี่(5กก),CHERRY (5 KG),0000-00-00,0000-00-00,999
699,เชอรี่(2กก),CHERRY (2 KG),0000-00-00,0000-00-00,999
700,ท้อ,PEACH,0000-00-00,0000-00-00,999
701,พลับ,PERSIMMON,0000-00-00,0000-00-00,999
702,สาลี่ก้านยาว,BARROW WILT CHAMBERLAIN,0000-00-00,0000-00-00,999
703,สาลี่หอม,BARROW ONION,0000-00-00,0000-00-00,999
704,สาลี่น้ำผึ้ง,SALLY HONEY,0000-00-00,0000-00-00,999
705,สาลี่ญี่ปุ่น,BARROW JAPAN,0000-00-00,0000-00-00,999
706,องุ่นคาร์ดินัล,GRAPES CARDINALE,0000-00-00,0000-00-00,999
707,องุ่นชิลี,CHILEAN GRAPES,0000-00-00,0000-00-00,999
708,องุ่นแดง,RED GRAPES,0000-00-00,0000-00-00,999
709,แอปเปิ้ลกาล่า,APPLE GALA,0000-00-00,0000-00-00,999
710,แอปเปิ้ลกาล่าเบอร์70,APPLE GALA NO 70,0000-00-00,0000-00-00,999
711,แอปเปิ้ลกาล่าเบอร์80,APPLE GALA NO 80,0000-00-00,0000-00-00,999
712,แอปเปิ้ลกาล่าเบอร์90,APPLE GALA NO 90,0000-00-00,0000-00-00,999
713,แอปเปิ้ลกาล่าเบอร์100,APPLE GALA NO 100,0000-00-00,0000-00-00,999
714,แอปเปิ้ลกาล่าเบอร์110,APPLE GALA NO 110,0000-00-00,0000-00-00,999
715,แอปเปิ้ลกาล่าเบอร์120,APPLE GALA NO 120,0000-00-00,0000-00-00,999
716,แอปเปิ้ลกาล่าเบอร์138,APPLE GALA NO 138,0000-00-00,0000-00-00,999
717,แอปเปิ้ลกาล่าเบอร์163,APPLE GALA NO 163,0000-00-00,0000-00-00,999
718,แอปเปิ้ลกาล่าเบอร์175,APPLE GALA NO 175,0000-00-00,0000-00-00,999
719,แอปเปิ้ลเขียวจีน,APPLE GREEN CHINA,0000-00-00,0000-00-00,999
720,แอปเปิ้ลเขียวจีนเบอร์28,APPLE CHINA'S 28TH GREEN,0000-00-00,0000-00-00,999
721,แอปเปิ้ลเขียวจีนเบอร์32,32 CHINESE GREEN APPLE,0000-00-00,0000-00-00,999
722,แอปเปิ้ลเขียวจีน,APPLE GREEN CHINA,0000-00-00,0000-00-00,999
723,แอปเปิ้ลเขียวจีนเบอร์70,APPLE CHINA'S 70TH GREEN,0000-00-00,0000-00-00,999
724,แอปเปิ้ลเขียวจีนเบอร์80,APPLE CHINA'S 80TH GREEN,0000-00-00,0000-00-00,999
725,แอปเปิ้ลเขียวจีนเบอร์90,APPLE CHINA'S 90TH GREEN,0000-00-00,0000-00-00,999
726,แอปเปิ้ลเขียวจีนเบอร์100,CHINA'S 100 APPLE GREEN,0000-00-00,0000-00-00,999
727,แอปเปิ้ลเขียวจีนเบอร์113,CHINA'S 113 APPLE GREEN,0000-00-00,0000-00-00,999
728,แอปเปิ้ลเขียวจีนเบอร์125,CHINA'S 125 APPLE GREEN,0000-00-00,0000-00-00,999
729,แอปเปิ้ลเขียวจีนเบอร์150,CHINA'S 150 APPLE GREEN,0000-00-00,0000-00-00,999
730,แอปเปิ้ลเขียวจีนเบอร์72,NO 72 GREEN APPLE CHINA,0000-00-00,0000-00-00,999
731,แอปเปิ้ลเขียวจีนเบอร์88,APPLE CHINA'S 88TH GREEN,0000-00-00,0000-00-00,999
732,แอปเปิ้ลฟูจิจีน,CHINESE FUJI APPLES,0000-00-00,0000-00-00,999
733,แอปเปิ้ลฟูจิจีนเบอร์28,CHINESE FUJI APPLES NUMBER 28,0000-00-00,0000-00-00,999
734,แอปเปิ้ลฟูจิจีนเบอร์32,CHINESE FUJI APPLES 32,0000-00-00,0000-00-00,999
735,แอปเปิ้ลฟูจิจีนเบอร์88,CHINESE FUJI APPLES NUMBER 88,0000-00-00,0000-00-00,999
736,แอปเปิ้ลฟูจิจีนเบอร์88,CHINESE FUJI APPLES NUMBER 88,0000-00-00,0000-00-00,999
737,แอปเปิ้ลฟูจิจีน,CHINESE FUJI APPLES,0000-00-00,0000-00-00,999
738,แอปเปิ้ลฟูจิจีนเบอร์70,CHINESE FUJI APPLES NUMBER 70,0000-00-00,0000-00-00,999
739,แอปเปิ้ลฟูจิจีนเบอร์80,CHINESE FUJI APPLES NUMBER 80,0000-00-00,0000-00-00,999
740,แอปเปิ้ลฟูจิจีนเบอร์90,CHINESE FUJI APPLES NUMBER 90,0000-00-00,0000-00-00,999
741,แอปเปิ้ลฟูจิจีนเบอร์100,CHINESE FUJI APPLES NO 100,0000-00-00,0000-00-00,999
742,แอปเปิ้ลฟูจิจีนเบอร์110,CHINESE FUJI APPLES NO 110,0000-00-00,0000-00-00,999
743,แอปเปิ้ลฟูจิจีนเบอร์120,CHINESE FUJI APPLES NO 120,0000-00-00,0000-00-00,999
744,แอปเปิ้ลฟูจิจีนเบอร์138,CHINESE FUJI APPLES NO 138,0000-00-00,0000-00-00,999
745,แอปเปิ้ลฟูจิจีนเบอร์150,CHINESE FUJI APPLES NUMBER 150,0000-00-00,0000-00-00,999
746,แอปเปิ้ลฟูจิจีนเบอร์72,CHINESE FUJI APPLES NUMBER 72,0000-00-00,0000-00-00,999
747,แอปเปิ้ลวอชิงตันเบอร์198,NO 198 WASHINGTON APPLES,0000-00-00,0000-00-00,999
748,แอปเปิ้ลนิวซีแลนด์เบอร์70,APPLE'S NEW ZEALAND 70,0000-00-00,0000-00-00,999
749,แอปเปิ้ลนิวซีแลนด์เบอร์80,APPLE'S NEW ZEALAND 80,0000-00-00,0000-00-00,999
750,แอปเปิ้ลนิวซีแลนด์เบอร์90,APPLE'S NEW ZEALAND 90,0000-00-00,0000-00-00,999
751,แอปเปิ้ลนิวซีแลนด์เบอร์100,NO 100 NEW ZEALAND APPLES,0000-00-00,0000-00-00,999
752,แอปเปิ้ลนิวซีแลนด์เบอร์110,NO 110 NEW ZEALAND APPLES,0000-00-00,0000-00-00,999
753,แอปเปิ้ลนิวซีแลนด์เบอร์120,NO 120 NEW ZEALAND APPLES,0000-00-00,0000-00-00,999
754,แอปเปิ้ลนิวซีแลนด์เบอร์138,NO 138 NEW ZEALAND APPLES,0000-00-00,0000-00-00,999
755,แอปเปิ้ลนิวซีแลนด์เบอร์150,NO 150 NEW ZEALAND APPLES,0000-00-00,0000-00-00,999
756,แอปเปิ้ลวอชิงตัน,WASHINGTON APPLES,0000-00-00,0000-00-00,999
757,แอปเปิ้ลวอชิงตันเบอร์100,NO 100 WASHINGTON APPLES,0000-00-00,0000-00-00,999
758,แอปเปิ้ลวอชิงตันเบอร์113,NO 113 WASHINGTON APPLES,0000-00-00,0000-00-00,999
759,แอปเปิ้ลวอชิงตันเบอร์125,NO 125 WASHINGTON APPLES,0000-00-00,0000-00-00,999
760,แอปเปิ้ลวอชิงตันเบอร์138,NO 138 WASHINGTON APPLES,0000-00-00,0000-00-00,999
761,แอปเปิ้ลวอชิงตันเบอร์150,NO 150 WASHINGTON APPLES,0000-00-00,0000-00-00,999
762,แอปเปิ้ลวอชิงตันเบอร์70,NO 70 WASHINGTON APPLES,0000-00-00,0000-00-00,999
763,แอปเปิ้ลวอชิงตันเบอร์80,NO 80 WASHINGTON APPLES,0000-00-00,0000-00-00,999
764,อโวคาโด,AVOCADO,0000-00-00,0000-00-00,999
765,เมลอน,MELON,0000-00-00,0000-00-00,999
766,กระจับ,CHESTNUT,0000-00-00,0000-00-00,999
767,กระท้อน,SANTOL,0000-00-00,0000-00-00,999
768,กระท้อนขันทอง,SANTOL KHANTHONG,0000-00-00,0000-00-00,999
769,กระท้อนทับทิม,SANTOL RUBY,0000-00-00,0000-00-00,999
770,กระท้อนปุยฝ้าย,SANTOL WADDING,0000-00-00,0000-00-00,999
771,กระท้อนอิล่า,SANTOL'S HUNT,0000-00-00,0000-00-00,999
772,กล้วย,A BANANA,0000-00-00,0000-00-00,999
773,กล้วยไข่,BANANAS,0000-00-00,0000-00-00,999
774,กล้วยนางยา,BANANAS HER MEDICATION,0000-00-00,0000-00-00,999
775,กล้วยน้ำว้า,CULTIVATED BANANA,0000-00-00,0000-00-00,999
776,กล้วยน้ำว้านวล,BANANA CREAM,0000-00-00,0000-00-00,999
777,กล้วยเล็บมือนาง,BANANA,0000-00-00,0000-00-00,999
778,กล้วยหอม,BANANA,0000-00-00,0000-00-00,999
779,กล้วยหอมทอง,BANANA,0000-00-00,0000-00-00,999
780,กล้วยหักมุก,HAK MUK STARCH BANANA,0000-00-00,0000-00-00,999
781,กีวี,KIWIS,0000-00-00,0000-00-00,999
782,เก๋ากี้,GOJI,0000-00-00,0000-00-00,999
783,แก้วมังกร,DRAGON FRUIT,0000-00-00,0000-00-00,999
784,ขนุน,JACKFRUIT,0000-00-00,0000-00-00,999
785,ขนุนจำปากรอบ,CHAMPA WOOD FRAME,0000-00-00,0000-00-00,999
786,ขนุนทองประเสริฐ,JACK GOLD SUBLIME,0000-00-00,0000-00-00,999
787,ขนุนทองสุดใจ,JACK GOLD HEART,0000-00-00,0000-00-00,999
788,ขนุนเหรียญบาท,JACK BAHT COINS,0000-00-00,0000-00-00,999
789,แครนเบอร์รี่,CRANBERRY,0000-00-00,0000-00-00,999
790,เงาะบ้าน,RAMBUTAN HOME,0000-00-00,0000-00-00,999
791,เงาะ,RAMBUTAN,0000-00-00,0000-00-00,999
792,เงาะสีชมพู,RAMBUTAN PINK,0000-00-00,0000-00-00,999
793,ชมพู่,ROSE APPLE,0000-00-00,0000-00-00,999
794,ชมพู่ทับทิมจันทร์,APPLE POMEGRANATE MONDAY,0000-00-00,0000-00-00,999
795,ชมพู่ทูลเกล้า,APPLE ASCENSION,0000-00-00,0000-00-00,999
796,ชมพู่มะเหมี่ยว,APPLE MAMIEW,0000-00-00,0000-00-00,999
797,เชอร์รี่,CHERRY,0000-00-00,0000-00-00,999
798,ตะขบ,TAKHOP,0000-00-00,0000-00-00,999
799,ตาล,TAN,0000-00-00,0000-00-00,999
800,แตงไทย,CANTALOUPE,0000-00-00,0000-00-00,999
801,แตงโม,WATERMELON,0000-00-00,0000-00-00,999
802,แตงโมกินรี,WATERMELON KINNAREE,0000-00-00,0000-00-00,999
803,แตงโมตอปิโด,WATERMELON TORPEDO,0000-00-00,0000-00-00,999
804,ท้อ,PEACH,0000-00-00,0000-00-00,999
805,ทุเรียน,DURIAN,0000-00-00,0000-00-00,999
806,น้อยหน่า,CUSTARD APPLE,0000-00-00,0000-00-00,999
807,น้อยหน่าเนื้อ,ANNONA MEAT,0000-00-00,0000-00-00,999
808,น้อยหน่าหนัง,ANNONA MOVIE,0000-00-00,0000-00-00,999
809,น้อยหน่าโหน่ง,NONG NOI,0000-00-00,0000-00-00,999
810,บลูเบอร์รี่,BLUEBERRIES,0000-00-00,0000-00-00,999
811,บ๊วย,PLUM,0000-00-00,0000-00-00,999
812,เบอรี่,DANBURY,0000-00-00,0000-00-00,999
813,แบล็กเคอร์เรนท์,BLACK KERR BARENTS,0000-00-00,0000-00-00,999
814,แบล็กเบอร์รี่,BERRY BERRY,0000-00-00,0000-00-00,999
815,ฝรั่ง,WESTERN,0000-00-00,0000-00-00,999
816,ฝรั่งกลมสาลี่,WESTERN ROUND BARROW,0000-00-00,0000-00-00,999
817,ฝรั่งกิมจู,WESTERN KIM JU,0000-00-00,0000-00-00,999
818,ฝรั่งแป้งสีทอง,FRENCH FLOUR GOLD,0000-00-00,0000-00-00,999
819,พลับ,PERSIMMON,0000-00-00,0000-00-00,999
820,พลัม,PLUM,0000-00-00,0000-00-00,999
821,พุทรา,MONKEY APPLE,0000-00-00,0000-00-00,999
822,พุทรานม,JUJUBE MILK,0000-00-00,0000-00-00,999
823,พุทราสงวนทอง,JUJUBE GOLD RESERVES,0000-00-00,0000-00-00,999
824,พุทราสามรส,JUJUBE FLAVORS,0000-00-00,0000-00-00,999
825,พุทราสาลี่,JUJUBE BARROW,0000-00-00,0000-00-00,999
826,พุทราสีทอง,JUJUBE GOLD,0000-00-00,0000-00-00,999
827,แพร,SILK,0000-00-00,0000-00-00,999
828,มะกอก,OLIVE,0000-00-00,0000-00-00,999
829,มะกอกดำ,BLACK OLIVES,0000-00-00,0000-00-00,999
830,มะกอกป่า,OLIVE,0000-00-00,0000-00-00,999
831,มะกอกฝรั่ง,SPONDIAS DULCIS,0000-00-00,0000-00-00,999
832,มะขวิด,MAKWID,0000-00-00,0000-00-00,999
833,มะขาม,TAMARIND,0000-00-00,0000-00-00,999
834,มะขามเทศ,MANILA TAMARIND,0000-00-00,0000-00-00,999
835,มะขามหวานสีชมพู,TAMARIND SWEET PINK,0000-00-00,0000-00-00,999
836,มะขามหวานสีทอง,TAMARIND GOLD,0000-00-00,0000-00-00,999
837,มะเขือเทศ,TOMATO,0000-00-00,0000-00-00,999
838,มะเดื่อ,FIG,0000-00-00,0000-00-00,999
839,มะตูม,QUINCE,0000-00-00,0000-00-00,999
840,มะปราง,MAPRANG,0000-00-00,0000-00-00,999
841,มะพร้าว,COCONUT,0000-00-00,0000-00-00,999
842,มะพร้าวอ่อนน้ำหอม,COCONUT FRAGRANCE,0000-00-00,0000-00-00,999
843,มะเฟือง,STAR APPLE,0000-00-00,0000-00-00,999
844,มะไฟ,MA FAI,0000-00-00,0000-00-00,999
845,มะไฟไข่เต่า,MA FAI TURTLE,0000-00-00,0000-00-00,999
846,มะไฟเหรียญทอง,MA FAI GOLD,0000-00-00,0000-00-00,999
847,มะม่วง,MANGO,0000-00-00,0000-00-00,999
848,มะม่วงแก้ว,MANGO GLASS,0000-00-00,0000-00-00,999
849,มะม่วงแก้วลืมรัง,MANGO GLASS LOST NEST,0000-00-00,0000-00-00,999
850,มะม่วงเขียวมรกต,MANGO EMERALD,0000-00-00,0000-00-00,999
851,มะม่วงเขียวเสวย,MANGO EKIIWESWI,0000-00-00,0000-00-00,999
852,มะม่วงเขียวใหญ่,BIG GREEN MANGO,0000-00-00,0000-00-00,999
853,มะม่วงโชคอนันต์แก่,MANGO LUCK TO INFINITY,0000-00-00,0000-00-00,999
854,มะม่วงโชคอนันต์สุก,RIPE MANGO CHOK ANAN,0000-00-00,0000-00-00,999
855,มะม่วงเบา,MANGO LIGHT,0000-00-00,0000-00-00,999
856,มะม่วงฟ้าลั่น,MANGO THUNDER,0000-00-00,0000-00-00,999
857,มะม่วงฟ้าลั่นสามพราน,MANGO ROSE THUNDER,0000-00-00,0000-00-00,999
858,มะม่วงมันเดือนเก้า,MANGO IS NINE MONTHS,0000-00-00,0000-00-00,999
859,มะม่วงแรด,MANGO RHINO,0000-00-00,0000-00-00,999
860,มะม่วงหนังกลางวัน,MANGO MATINEE,0000-00-00,0000-00-00,999
861,มะม่วงหิมพานต์,CASHEW NUT,0000-00-00,0000-00-00,999
862,มะม่วงอกร่องดิบ,RAW MANGO AKREAG,0000-00-00,0000-00-00,999
863,มะม่วงอกร่องทอง,GOLD MANGO AKREAG,0000-00-00,0000-00-00,999
864,มะม่วงอกร่องสุก,RIPE MANGOES AKREAG,0000-00-00,0000-00-00,999
865,มะยงชิด,MAIGCHID,0000-00-00,0000-00-00,999
866,มะยม,STAR GOOSEBERRY,0000-00-00,0000-00-00,999
867,มะละกอ,PAPAYA,0000-00-00,0000-00-00,999
868,มะละกอแขกดำ,PAPAYA BLACK,0000-00-00,0000-00-00,999
869,มะละกอฮอลแลนด์,HOLLAND PAPAYA,0000-00-00,0000-00-00,999
870,มะละกอฮาวาย,HAWAIIAN PAPAYA,0000-00-00,0000-00-00,999
871,มังคุด,MANGOSTEEN,0000-00-00,0000-00-00,999
872,มังคุดผิวคละ,ASSORTED FRUIT SKIN,0000-00-00,0000-00-00,999
873,มังคุดผิวมัน,MANGOSTEEN SKIN,0000-00-00,0000-00-00,999
874,ระกำ,WINTERGREEN,0000-00-00,0000-00-00,999
875,ระกำหวาน,BROKEN SWEET,0000-00-00,0000-00-00,999
876,แรสเบอร์รี่,RAS BERRIES,0000-00-00,0000-00-00,999
877,ลองกอง,WOLLONGONG,0000-00-00,0000-00-00,999
878,ละมุด,SAPODILLA,0000-00-00,0000-00-00,999
879,ละมุดหวานกรอบ,SAPODILLA SWEET FRAME,0000-00-00,0000-00-00,999
880,ละมุดหวานสุก,SWEET RIPE SAPODILLA,0000-00-00,0000-00-00,999
881,ลางสาด,LANGSAT,0000-00-00,0000-00-00,999
882,ลำไย,LONGAN,0000-00-00,0000-00-00,999
883,ลำไยกะโหลก,LONGAN SKULL,0000-00-00,0000-00-00,999
884,ลำไยสีชมพู,LONGAN PINK,0000-00-00,0000-00-00,999
885,ลำไยแห้ว,LONGAN FRUSTRATION,0000-00-00,0000-00-00,999
886,ลำไยอีดอ,LONGAN SAEED A,0000-00-00,0000-00-00,999
887,ลิ้นจี่,LYCHEE,0000-00-00,0000-00-00,999
888,ลิ้นจี่ค่อม,LYCHEE STUNTED,0000-00-00,0000-00-00,999
889,ลิ้นจี่จักรพรรดิ์,LYCHEE NORTHMEN,0000-00-00,0000-00-00,999
890,ลิ้นจี่ฮงฮวย,LIN HONG'S,0000-00-00,0000-00-00,999
891,สตรอเบอร์รี่,STRAWBERRIES,0000-00-00,0000-00-00,999
892,ส้ม,ORANGE,0000-00-00,0000-00-00,999
893,ส้มกัมควอท,ORANGE GUM QUATTRO,0000-00-00,0000-00-00,999
894,ส้มเขียวหวาน,ORANGE,0000-00-00,0000-00-00,999
895,ส้มเขียวหวานสีน้ำตาล,TANGERINE BROWN,0000-00-00,0000-00-00,999
896,ส้มเช้ง,GTO,0000-00-00,0000-00-00,999
897,ส้มโชกุล,ORANGE CHO KUN,0000-00-00,0000-00-00,999
898,ส้มฟรีมอค์,ORANGE FREE MIKE MOSS,0000-00-00,0000-00-00,999
899,ส้มสายน้ำผึ้ง,ORANGE HONEYSUCKLE,0000-00-00,0000-00-00,999
900,ส้มสีทอง,GOLDEN ORANGE,0000-00-00,0000-00-00,999
901,ส้มเหนือ,NORTH ORANGE,0000-00-00,0000-00-00,999
902,ส้มโอ,GRAPEFRUIT,0000-00-00,0000-00-00,999
903,ส้มโอขาวแตงกวา,WHITE GRAPEFRUIT CUCUMBER,0000-00-00,0000-00-00,999
904,ส้มโอขาวน้ำผึ้ง,WHITE GRAPEFRUIT HONEY,0000-00-00,0000-00-00,999
905,ส้มโอขาวใหญ่แม่กลอง,WHITE GRAPEFRUIT BIG DRUM,0000-00-00,0000-00-00,999
906,สละ,WAIVE,0000-00-00,0000-00-00,999
907,สับปะรด,PINEAPPLE,0000-00-00,0000-00-00,999
908,สับปะรดตราดสีทอง,TRAD GOLDEN PINEAPPLE,0000-00-00,0000-00-00,999
909,สาลี่,TROLLEY,0000-00-00,0000-00-00,999
910,สาลี่ก้านยาว,BARROW WILT CHAMBERLAIN,0000-00-00,0000-00-00,999
911,สาลี่น้ำผึ้ง,SALLY HONEY,0000-00-00,0000-00-00,999
912,สาลี่หอม,BARROW ONION,0000-00-00,0000-00-00,999
913,สาลี่หิมะ,BARROW SNOW,0000-00-00,0000-00-00,999
914,เสาวรส,PASSION FRUIT,0000-00-00,0000-00-00,999
915,หม่อน,MULBERRY,0000-00-00,0000-00-00,999
916,หลุมพี,HOLE,0000-00-00,0000-00-00,999
917,หว้า,WA,0000-00-00,0000-00-00,999
918,องุ่น,GRAPE,0000-00-00,0000-00-00,999
919,องุ่นเขียว,GREEN GRAPES,0000-00-00,0000-00-00,999
920,องุ่นดำ,BLACK GRAPE,0000-00-00,0000-00-00,999
921,องุ่นพันธุ์แดง,RED GRAPE VARIETIES,0000-00-00,0000-00-00,999
922,อาโวคาโด,AVOCADO,0000-00-00,0000-00-00,999
923,อินทผลัม,PHOENIX,0000-00-00,0000-00-00,999
924,แอปเปิล,APPLE,0000-00-00,0000-00-00,999
925,แอปเปิลเขียว,APPLE GREEN,0000-00-00,0000-00-00,999
926,แอปเปิลแดง,RED APPLE,0000-00-00,0000-00-00,999
927,แอปเปิลฟูจิ,FUJI APPLE,0000-00-00,0000-00-00,999
928,กระจับ,CHESTNUT,0000-00-00,0000-00-00,999
929,ข้าวโพดหวานโตนดเบอร์2,SWEET CORN PALM NO 2,0000-00-00,0000-00-00,999
930,ข้าวโพดหวานไฮบริกเบอร์2,SWEET CORN HYBRID RICK NUMBER TWO,0000-00-00,0000-00-00,999
931,ข้าวโพดหวานA5เบอร์2,SWEET CORN A5 NO 2,0000-00-00,0000-00-00,999
932,ข้าวโพดหวานศรแดงเบอร์2,CORN NO 2 RED ARROW,0000-00-00,0000-00-00,999
933,ข้าวโพดหวานทับทิมเบอร์2,CORN NO 2 RUBY,0000-00-00,0000-00-00,999
934,ข้าวโพดหวานขาวสำลีเบอร์2,SWEET WHITE CORN COTTON NO 2,0000-00-00,0000-00-00,999
935,ข้าวโพดหวานมันปูเบอร์2,SWEET CORN PAVED NO 2,0000-00-00,0000-00-00,999
936,ข้าวโพดหวานขาวแหวกเบอร์2,NO 2 WHITE CORN DIP,0000-00-00,0000-00-00,999
937,ข้าวโพดเทียนเบอร์เล็ก,CORN NUMBER OF SMALL CANDLES,0000-00-00,0000-00-00,999
938,ข้าวโพดขาว-ม่วง,CORN - PURPLE,0000-00-00,0000-00-00,999
939,แตงไทพื้นเมือง,TANG TAI NATIVE,0000-00-00,0000-00-00,999
940,แตงไทกลมซาอูเบอร์เล็ก,SAUL'S SMALL ROUND MELON TIMES,0000-00-00,0000-00-00,999
941,แตงไทยาวสีทองเบอร์เล็ก,TANG TAI LONG BLOND SMALL NUMBER,0000-00-00,0000-00-00,999
942,ถั่วแระลูกผสม(คละ),SOYBEAN HYBRID (MIXED),0000-00-00,0000-00-00,999
943,ถั่วลิสงเกษตรดิบ(คละ),AGRICULTURAL RAW PEANUTS (MIXED),0000-00-00,0000-00-00,999
944,ถั่วลิสงพื้นเมืองดิบ(คละ),NATIVE RAW PEANUTS (MIXED),0000-00-00,0000-00-00,999
945,เผือกพื้นเมืองเบอร์กลาง,TARO'S NATIVE CENTRAL,0000-00-00,0000-00-00,999
946,เผือกหอมเบอร์ใหญ่,TARO'S LARGEST ONION,0000-00-00,0000-00-00,999
947,ฟักทองคางคกใหญ่(ทองอำไพ),LARGE PUMPKINS TOAD (BRILLIANT GOLD),0000-00-00,0000-00-00,999
948,ฟักทองคางคกใหญ่เบอร์เล็ก,PUMPKIN LARGE NUMBER OF SMALL TOADS,0000-00-00,0000-00-00,999
949,ฟักทองศรีเมืองเบอร์กลาง,PUMPKIN SRI DOWNTOWN CENTER,0000-00-00,0000-00-00,999
950,ฟักทองพันธุ์เกษตรเบอร์ใหญ่,PUMPKIN SEEDS AGRICULTURAL BIG NUMBERS,0000-00-00,0000-00-00,999
951,ฟักทองพันธุ์ลาย,PUMPKIN SEED PATTERN,0000-00-00,0000-00-00,999
952,ฟักทองพันธุ์ลายเบอร์เล็ก,THIS SMALL NUMBER OF VARIETIES OF PUMPKIN,0000-00-00,0000-00-00,999
953,มันเทศ(มันแดง),SWEET POTATOES (EXPOSED),0000-00-00,0000-00-00,999
954,มันต่อเผือก,IT FURTHER FRACTURES,0000-00-00,0000-00-00,999
955,มันต่อเผือกเล็ก,IT'S A SMALL FRACTURES,0000-00-00,0000-00-00,999
956,มันไข่เบอร์ใหญ่,IT'S A BIG EGG,0000-00-00,0000-00-00,999
957,มันมือเสือเบอร์ใหญ่,IT HANDTIGER BIG NUMBERS,0000-00-00,0000-00-00,999
958,มันสำปะหลังเบอร์ใหญ่,YUCCA BIG NUMBERS,0000-00-00,0000-00-00,999
959,ลูกจากคละ,CHILDREN FROM MIXED,0000-00-00,0000-00-00,999
960,ข้าวโพดหวานโตนด,SWEET CORN PALM,0000-00-00,0000-00-00,999
961,ข้าวโพดหวานไฮบริก,SWEET CORN HYBRID RICK,0000-00-00,0000-00-00,999
962,ข้าวโพดหวานA5,SWEET CORN A5,0000-00-00,0000-00-00,999
963,ข้าวโพดหวานศรแดง,CORN SWEET RED ARROW,0000-00-00,0000-00-00,999
964,ข้าวโพดหวานทับทิม,CORN SWEET POMEGRANATE,0000-00-00,0000-00-00,999
965,ข้าวโพดหวานขาวสำลี,SWEET WHITE CORN COTTON,0000-00-00,0000-00-00,999
966,ข้าวโพดหวานมันปู,SWEET CORN MANPO,0000-00-00,0000-00-00,999
967,ข้าวโพดหวานขาวแหวก,WHITE CORN DIP,0000-00-00,0000-00-00,999
968,ข้าวโพดเทียน,CORN CANDLES,0000-00-00,0000-00-00,999
969,ข้าวโพดขาว-ดำเบอร์ใหญ่,CORN - BLACK BIG NUMBERS,0000-00-00,0000-00-00,999
970,ข้าวโพดขาว-ม่วงเบอร์1,CORN - PURPLE NUMBER ONE,0000-00-00,0000-00-00,999
971,แตงไทกลมซาอุ,TANG TAI ROUND SAUDI,0000-00-00,0000-00-00,999
972,แตงไทยาวสีทอง,TANG TAI LONG GOLD,0000-00-00,0000-00-00,999
973,ถั่วแระญี่ปุ่น,SOYBEAN JAPAN,0000-00-00,0000-00-00,999
974,ถั่วลิสงเกษตร,PEANUT FARMING,0000-00-00,0000-00-00,999
975,ถั่วลิสงพื้นเมือง,PEANUT NATIVE,0000-00-00,0000-00-00,999
976,เผือกพื้นเมือง,TARO NATIVE,0000-00-00,0000-00-00,999
977,เผือกพื้นเมืองเบอร์เล็ก,A SMALL NUMBER OF NATIVE TARO,0000-00-00,0000-00-00,999
978,เผือกหอมเบอร์กลาง,TARO'S MEDIUM ONION,0000-00-00,0000-00-00,999
979,ฟักทองคางคกใหญ่เบอร์ใหญ่,LARGE PUMPKINS TOAD BIG NUMBERS,0000-00-00,0000-00-00,999
980,ฟักทองศรีเมือง,PUMPKIN SRI CITY,0000-00-00,0000-00-00,999
981,ฟักทองศรีเมืองเบอร์เล็ก,SRI CITY'S SMALL PUMPKINS,0000-00-00,0000-00-00,999
982,ฟักทองพันธุ์เกษตรเบอร์กลาง,PUMPKIN SEEDS AGRICULTURAL CENTER NUMBER,0000-00-00,0000-00-00,999
983,ฟักทองพันธุ์ลายเบอร์ใหญ่,PUMPKIN SEEDS STRIPED BIG NUMBERS,0000-00-00,0000-00-00,999
984,มันแกวเบอร์ใหญ่,YAM BIG NUMBERS,0000-00-00,0000-00-00,999
985,มันเทศ(มันแดง)เบอร์ใหญ่,SWEET POTATOES (IT'S RED) BIG NUMBERS,0000-00-00,0000-00-00,999
986,มันต่อเผือกใหญ่,IT'S THE BIG WHITE,0000-00-00,0000-00-00,999
987,มันต่อเผือกคละ,IT'S A MIXED FRACTURES,0000-00-00,0000-00-00,999
988,มันไข่เบอร์เล็ก,IT'S A SMALL EGG,0000-00-00,0000-00-00,999
989,มันมือเสือเบอร์กลาง,IT'S THE MIDDLE MืAESืA,0000-00-00,0000-00-00,999
990,มันสำปะหลังเบอร์กลาง,YUCCA MIDDLE HARBOUR,0000-00-00,0000-00-00,999
991,แห้วต้ม/สมหวังต้ม,FRUSTRATION BOILED / COOKED DEFEATS,0000-00-00,0000-00-00,999
992,ข้าวโพดหวานโตนดเบอร์1,SWEET CORN PALM NO 1,0000-00-00,0000-00-00,999
993,ข้าวโพดหวานไฮบริกเบอร์1,RICK'S FIRST HYBRID SWEET CORN,0000-00-00,0000-00-00,999
994,ข้าวโพดหวานA5เบอร์1,SWEET CORN A5 NO 1,0000-00-00,0000-00-00,999
995,ข้าวโพดหวานศรแดงเบอร์1,CORN SWEET RED ARROW NO 1,0000-00-00,0000-00-00,999
996,ข้าวโพดหวานทับทิมเบอร์1,CORN SWEET POMEGRANATE NO 1,0000-00-00,0000-00-00,999
997,ข้าวโพดหวานขาวสำลีเบอร์1,SWEET WHITE CORN COTTON NO 1,0000-00-00,0000-00-00,999
998,ข้าวโพดหวานมันปูเบอร์1,SWEET CORN PAVED NO 1,0000-00-00,0000-00-00,999
999,ข้าวโพดหวานขาวแหวกเบอร์1,WHITE CORN OPENED NO 1,0000-00-00,0000-00-00,999
1000,ข้าวโพดเทียนเบอร์ใหญ่,CORN CANDLES BIG NUMBERS,0000-00-00,0000-00-00,999
1001,ข้าวโพดขาว-ดำเบอร์เล็ก,CORN - LITTLE BLACK NUMBERS,0000-00-00,0000-00-00,999
1002,ข้าวโพดขาว-ม่วงเบอร์2,CORN - PURPLE NUMBER TWO,0000-00-00,0000-00-00,999
1003,แตงไทกลงซาอูเบอร์ใหญ่,TANG TAI DOWN SAUL'S HEAD,0000-00-00,0000-00-00,999
1004,แตงไทยาวสีทองเบอร์ใหญ่,TANG TAI LONG BLOND BIG NUMBER,0000-00-00,0000-00-00,999
1005,ถั่วแระโอซีพี,SOYBEAN O CP,0000-00-00,0000-00-00,999
1006,ถั่วลิสงเกษตรต้ม(คละ),AGRICULTURE BOILED PEANUTS (MIXED),0000-00-00,0000-00-00,999
1007,ถั่วลิสงพื้นเมืองต้ม(คละ),NATIVE BOILED PEANUTS (MIXED),0000-00-00,0000-00-00,999
1008,เผือกพื้นเมืองเบอร์ใหญ่,TARO NATIVE BIG NUMBERS,0000-00-00,0000-00-00,999
1009,เผือกหอม,WHITE ONION,0000-00-00,0000-00-00,999
1010,เผือกหอมเบอร์เล็ก,TARO'S SMALL ONION,0000-00-00,0000-00-00,999
1011,ฟักทองคางคกใหญ่เบอร์กลาง,LARGE PUMPKINS TOAD'S CENTER,0000-00-00,0000-00-00,999
1012,ฟักทองศรีเมืองเบอร์ใหญ่,SMIC'S BIG PUMPKIN,0000-00-00,0000-00-00,999
1013,ฟักทองพันธุ์เกษตร,PUMPKIN BREEDING FARM,0000-00-00,0000-00-00,999
1014,ฟักทองพันธุ์เกษตรเบอร์เล็ก,PUMPKIN SEEDS SMALL AGRICULTURAL NUMBERS,0000-00-00,0000-00-00,999
1015,ฟักทองพันธุ์ลายเบอร์กลาง,PUMPKIN SEEDS MARKING THE NUMBERS,0000-00-00,0000-00-00,999
1016,มันแกวเบอร์เล็ก,YAM SMALL NUMBER,0000-00-00,0000-00-00,999
1017,มันเทศ(มันแดง)เบอร์เล็ก,SWEET POTATOES (IT'S RED) SMALL NUMBERS,0000-00-00,0000-00-00,999
1018,มันต่อเผือกกลาง,IT'S THE MIDDLE OF FRACTURES,0000-00-00,0000-00-00,999
1019,มันไข่,POTATOES EGGS,0000-00-00,0000-00-00,999
1020,มันมือเสือ,POTATOES TIGER HAND,0000-00-00,0000-00-00,999
1021,มันมือเสือเบอร์เล็ก,POTATOES SMALL,0000-00-00,0000-00-00,999
1022,มันสำปะหลังเบอร์เล็ก,CASSAVA SMALL NUMBER,0000-00-00,0000-00-00,999
1023,แห้วดิบ/สมหวังดิบ,RAW FRUSTRATION / DISAPPOINTMENT RAW,0000-00-00,0000-00-00,999
1024,หอมแดงจุก(คละ),SHALLOTS CORK (MIXED),0000-00-00,0000-00-00,999
1025,หอมแดงตัดจุกเบอร์กลาง,CUT THE SHALLOTS CORK HARBOUR,0000-00-00,0000-00-00,999
1026,หอมแขก,ONION GUEST,0000-00-00,0000-00-00,999
1027,หอมหัวใหญ่ไทยเบอร์2,ONION THAILAND NO 2,0000-00-00,0000-00-00,999
1028,หอมหัวใหญ่นอก,THE ONION,0000-00-00,0000-00-00,999
1029,กระเทียมหัวใหญ่เบอร์1,LARGE HEAD GARLIC NUMBERS NO 1,0000-00-00,0000-00-00,999
1030,กระเทียมหัวใหญ่เบอร์4,LARGE GARLIC NO 4,0000-00-00,0000-00-00,999
1031,พริกขี้หนูแห้งจินดา,JINDA DRIED PAPRIKA,0000-00-00,0000-00-00,999
1032,พริกแห้งเม็ดใหญ่,DRIED GRAIN,0000-00-00,0000-00-00,999
1033,หอมแดงตัดจุก,CUT THE SHALLOTS CORK,0000-00-00,0000-00-00,999
1034,หอมแดงตัดจุกเบอร์เล็ก,SMALL RED ONION CUT CORK HARBOUR,0000-00-00,0000-00-00,999
1035,หอมหัวใหญ่,ONION,0000-00-00,0000-00-00,999
1036,หอมหัวใหญ่ไทยเบอร์3,ONION THAILAND NO 3,0000-00-00,0000-00-00,999
1037,กระเทียมจุก,GARLIC CORK,0000-00-00,0000-00-00,999
1038,กระเทียมหัวใหญ่เบอร์2,LARGE GARLIC NO 2,0000-00-00,0000-00-00,999
1039,กระเทียมแกะกลีบใหญ่,GARLIC CLOVES BIG SHEEP,0000-00-00,0000-00-00,999
1040,พริกขี้หนูแห้งยอดสน,PAPRIKA DRIED PINE SHOOTS,0000-00-00,0000-00-00,999
1041,พริกชี้ฟ้าแห้ง,DRIED CHILLIES,0000-00-00,0000-00-00,999
1042,หอมแดงตัดจุกเบอร์ใหญ่,CUT THE SHALLOTS STOPPER BIG NUMBERS,0000-00-00,0000-00-00,999
1043,หอมแดงตัดจุก(คละ),CUT THE SHALLOTS CORK (MIXED),0000-00-00,0000-00-00,999
1044,หอมหัวใหญ่ไทยเบอร์1,ONION THAILAND NO 1,0000-00-00,0000-00-00,999
1045,หอมหัวใหญ่ไทยเบอร์4,ONION THAILAND NO 4,0000-00-00,0000-00-00,999
1046,กระเทียมหัวใหญ่,GARLIC HEAD,0000-00-00,0000-00-00,999
1047,กระเทียมหัวใหญ่เบอร์3,LARGE GARLIC NO 3,0000-00-00,0000-00-00,999
1048,พริกขี้หนูแห้ง,DRIED CHILLI,0000-00-00,0000-00-00,999
1049,พริกแห้งเล็ก,DRIED SMALL,0000-00-00,0000-00-00,999
1050,มะขามเปียกแกะ,TAMARIND LAMB,0000-00-00,0000-00-00,999
1051,ผักกาดดอง,PICKLE,0000-00-00,0000-00-00,999
1052,หัวไชโป๊,RADISH,0000-00-00,0000-00-00,999
1053,ขิงดอง,PICKLED GINGER,0000-00-00,0000-00-00,999
1054,ฝรั่งดอง,PICKLED GUAVA,0000-00-00,0000-00-00,999
1055,มะม่วงดอง,MANGO PICKLE,0000-00-00,0000-00-00,999
1056,ปลาร้าปลากระดี่,PICKLED FISH,0000-00-00,0000-00-00,999
1057,ปลาร้าปลาหมอ,PICKLED FISH,0000-00-00,0000-00-00,999
1058,ผักเสี้ยนดอง,TARE PRESERVED,0000-00-00,0000-00-00,999
1059,กระเทียมดอง,GARLIC,0000-00-00,0000-00-00,999
1060,กระท้อนดอง,SANTOL PRESERVED,0000-00-00,0000-00-00,999
1061,มะดันดอง,MADAN PRESERVED,0000-00-00,0000-00-00,999
1062,มะยมดอง,GOOSEBERRY PICKLE,0000-00-00,0000-00-00,999
1063,ปลาร้าปลาช่อน,SNAKEHEAD FISH,0000-00-00,0000-00-00,999
1064,ปูเค็ม,SALTED CRAB,0000-00-00,0000-00-00,999
1065,หน่อไม้ดอง,PICKLED ASPARAGUS,0000-00-00,0000-00-00,999
1066,หอมดอง,ONION PICKLE,0000-00-00,0000-00-00,999
1067,พุทราดอง,JUJUBE PRESERVED,0000-00-00,0000-00-00,999
1068,มะปรางดอง,MAPRANG PRESERVED,0000-00-00,0000-00-00,999
1069,องุ่นดอง,PICKLED GRAPES,0000-00-00,0000-00-00,999
1070,ปลาร้าปลาสร้อย,FERMENTED FISH,0000-00-00,0000-00-00,999
1071,หอยแมลงภู่ดอง,PICKLED MUSSELS,0000-00-00,0000-00-00,999
1072,ก๋วยเตี๋ยวเส้นหมี่ขาว,WHITE RICE VERMICELLI NOODLES,0000-00-00,0000-00-00,999
1073,ก๋วยเตี๋ยวเส้นเล็ก,RICE NOODLES,0000-00-00,0000-00-00,999
1074,ก๋วยเตี๋ยวเส้นใหญ่,NOODLE,0000-00-00,0000-00-00,999
1075,บะหมี่,NOODLE,0000-00-00,0000-00-00,999
1076,เกี๊ยว,DUMPLING,0000-00-00,0000-00-00,999
1077,ก๋วยจั๊บ,BOILED CHINESE PASTA SQUARE,0000-00-00,0000-00-00,999
1078,กะปิขาวพิเศษ,WHITE SHRIMP SPECIAL,0000-00-00,0000-00-00,999
1079,กะปิธรรมดา,PASTE PLAIN,0000-00-00,0000-00-00,999
1080,เกี๊ยมอี๋,KIEM FLATTER,0000-00-00,0000-00-00,999
1081,ขนมจีน,VERMICELLI,0000-00-00,0000-00-00,999
1082,วุ้นเส้นสด,FRESH NOODLES,0000-00-00,0000-00-00,999
1083,เต้าหู้กระดาน,TOFU BOARD,0000-00-00,0000-00-00,999
1084,เต้าหู้อ่อน,SOFT TOFU,0000-00-00,0000-00-00,999
1085,ปลาทูนึ่ง,STEAMED FISH,0000-00-00,0000-00-00,999
1086,ปลาเส้น,FISHING LINE,0000-00-00,0000-00-00,999
1087,น้ำพริกแพนง,PANANG CURRY,0000-00-00,0000-00-00,999
1088,น้ำพริกแกงมัสมั่น,MASSAMAN CURRY PASTE,0000-00-00,0000-00-00,999
1089,น้ำพริกแกงกระหรี่,CURRY PASTES,0000-00-00,0000-00-00,999
1090,น้ำพริกแกงส้มไทย,THAILAND SOUR SAUCE,0000-00-00,0000-00-00,999
1091,น้ำพริกแกงส้มใต้,THE SOUR SAUCE,0000-00-00,0000-00-00,999
1092,น้ำพริกแกงส้ม,SOUR SAUCE,0000-00-00,0000-00-00,999
1093,น้ำพริกแกงเหลือง,YELLOW CURRY PASTE,0000-00-00,0000-00-00,999
1094,น้ำพริกแกงไตปลา,CURRY PASTE,0000-00-00,0000-00-00,999
1095,น้ำพริกแกงเผ็ดหยาบ,ROUGH RED CURRY PASTE,0000-00-00,0000-00-00,999
1096,น้ำพริกแกงเผ็ดละเอียด,RED CURRY PASTE PROFILE,0000-00-00,0000-00-00,999
1097,น้ำพริกแกงเผ็ดใต้,THE RED CURRY PASTE,0000-00-00,0000-00-00,999
1098,น้ำพริกแกงเผ็ด,RED CURRY PASTE,0000-00-00,0000-00-00,999
1099,น้ำพริกเขียวหวาน,GREEN CURRY PASTE,0000-00-00,0000-00-00,999
1100,น้ำพริกเขียวหวานพิเศษ,GREEN CURRY PASTE SPECIAL,0000-00-00,0000-00-00,999
1101,น้ำพริกแกงเขียวหวาน,GREEN CURRY PASTE,0000-00-00,0000-00-00,999
1102,น้ำพริกผัดขิง,CHILI FRIED GINGER,0000-00-00,0000-00-00,999
1103,น้ำพริกน้ำยา,CHILI LIQUID,0000-00-00,0000-00-00,999
1104,น้ำพริกขี้เมา,DRUNKEN CHILI,0000-00-00,0000-00-00,999
1105,ลูกชิ้น,MEAT BALL,0000-00-00,0000-00-00,999
1106,ปูอัด,CRAB,0000-00-00,0000-00-00,999
1107,กะทิ,COCONUT MILK,0000-00-00,0000-00-00,999
1108,ไข่ไก่,EGG,0000-00-00,0000-00-00,999
1109,ไข่ไก่เบอร์0,EGG HARBOUR 0,0000-00-00,0000-00-00,999
1110,ไข่ไก่เบอร์1,NUMBERS 1 EGG,0000-00-00,0000-00-00,999
1111,ไข่ไก่เบอร์2,NO 2 EGGS,0000-00-00,0000-00-00,999
1112,ไข่ไก่เบอร์3,NO 3 EGGS,0000-00-00,0000-00-00,999
1113,ไข่เป็ด,DUCK EGG,0000-00-00,0000-00-00,999
1114,ไข่เป็ดเบอร์0,DUCK NUMBERS 0,0000-00-00,0000-00-00,999
1115,ไข่เป็ดเบอร์1,RUBBER DUCK EGGS 1,0000-00-00,0000-00-00,999
1116,ไข่เป็ดเบอร์2,NO 2 EGGS,0000-00-00,0000-00-00,999
1117,ไข่เป็ดเบอร์3,NUMBER THREE DUCK EGGS,0000-00-00,0000-00-00,999
1118,ไข่นกกระทา,QUAIL EGGS,0000-00-00,0000-00-00,999
1119,ไข่เค็ม,SALTED EGG,0000-00-00,0000-00-00,999
1120,ไข่เยี่ยวม้า,PRESERVED EGG,0000-00-00,0000-00-00,999
1121,ข้าวสาร,RICE,0000-00-00,0000-00-00,999
1122,เครื่องเทศ,SPICES,0000-00-00,0000-00-00,999
1123,เครื่องพะโล้,AND SPICES,0000-00-00,0000-00-00,999
1124,งา,SESAME,0000-00-00,0000-00-00,999
1125,ซอสปรุงรส,SAUCE,0000-00-00,0000-00-00,999
1126,ดอกไม้จีน,DAY LILY,0000-00-00,0000-00-00,999
1127,ถั่ว,NUT,0000-00-00,0000-00-00,999
1128,น้ำตาล,THE SUGAR,0000-00-00,0000-00-00,999
1129,น้ำมันพืช,VEGETABLE OIL,0000-00-00,0000-00-00,999
1130,น้ำส้มสายชู,VINEGAR,0000-00-00,0000-00-00,999
1131,บะหมี่กึ่งสำเร็จรูป,INSTANT NOODLE,0000-00-00,0000-00-00,999
1132,ผงชูรส,MONOSODIUM GLUTAMATE,0000-00-00,0000-00-00,999
1133,ผงปรุงรส,SEASONINGS,0000-00-00,0000-00-00,999
1134,ผลไม้กระป๋อง,CANNED FRUIT,0000-00-00,0000-00-00,999
1135,ฟองเต้าหู้,GYPSUM,0000-00-00,0000-00-00,999
1136,วุ้นเส้น,VERMICELLI,0000-00-00,0000-00-00,999
1137,หน่อไม้แห้ง,DRIED BAMBOO SHOOTS,0000-00-00,0000-00-00,999
1138,เห็ดหอมแห้ง,DRIED SHIITAKE,0000-00-00,0000-00-00,999
1139,เห็ดหูหนูแห้ง,DRIED MUSHROOM,0000-00-00,0000-00-00,999
1140,อาหารกระป๋อง,CANNED FOOD,0000-00-00,0000-00-00,999
1141,กุ้งแห้งเนื้อ,DRIED MEAT,0000-00-00,0000-00-00,999
1142,กุ้งแห้งแก้ว,GLASS SHRIMP,0000-00-00,0000-00-00,999
1143,กุ้งแห้งวังจิ๋ว,TINY SHRIMP WANG,0000-00-00,0000-00-00,999
1144,กุ้งแห้งฝอยแดง,DRIED SHREDDED RED,0000-00-00,0000-00-00,999
1145,หอยแมลงภู่แห้ง,MUSSELS DRY,0000-00-00,0000-00-00,999
1146,หอยหวาน,THE SNAILS,0000-00-00,0000-00-00,999
1147,หอยหลอด,HOI,0000-00-00,0000-00-00,999
1148,หมึกกล้วยแห้ง,DRIED SQUID,0000-00-00,0000-00-00,999
1149,หมึกกระตอยแห้ง,THE INK DRIED RABBIT,0000-00-00,0000-00-00,999
1150,หมึกแพแห้ง,PAT DRY INK,0000-00-00,0000-00-00,999
1151,ปลาสวายย่าง,GRILLED FISH,0000-00-00,0000-00-00,999
1152,ปลาช่อนทะเลย่าง,GRILLED COBIA,0000-00-00,0000-00-00,999
1153,ปลาเนื้ออ่อนย่าง,GRILLED FISH SOFT,0000-00-00,0000-00-00,999
1154,ปลาสร้อยย่าง,GRILLED FISH NECKLACE,0000-00-00,0000-00-00,999
1155,ปลาเบี้ยย่าง,PREMIUM GRILLED FISH,0000-00-00,0000-00-00,999
1156,ปลาทูเค็ม,SALTED FISH,0000-00-00,0000-00-00,999
1157,ปลาโอเค็ม,SALTED FISH,0000-00-00,0000-00-00,999
1158,ปลาอินทรีย์,SCOMBEROMORUS,0000-00-00,0000-00-00,999
1159,ปลาช่อนทะเลเค็ม,COBIA SALT,0000-00-00,0000-00-00,999
1160,ปลาแป้น,FISH KEYBOARD,0000-00-00,0000-00-00,999
1161,ปลากระเบนเค็ม,SALTED FISH,0000-00-00,0000-00-00,999
1162,ปลาลิ้นหมา,SOLE,0000-00-00,0000-00-00,999
1163,ปลาไส้ตัน,FISH ASGTAN,0000-00-00,0000-00-00,999
1164,ปลาทูหวาน,SWEET FISH,0000-00-00,0000-00-00,999
1165,กระเพาะหมู,PIG STOMACH,0000-00-00,0000-00-00,999
1166,ขาหมู,PORK LEG,0000-00-00,0000-00-00,999
1167,ไข่ดันหมู,PIG'S KIDNEY,0000-00-00,0000-00-00,999
1168,ซี่โครงหมู,PORK RIP,0000-00-00,0000-00-00,999
1169,ตับหมู,PIG LIVER,0000-00-00,0000-00-00,999
1170,เนื้อแดงหมู,RED MEAT PORK,0000-00-00,0000-00-00,999
1171,เนื้อสันใน-นอกหมู,MIGNON - THE PIG,0000-00-00,0000-00-00,999
1172,เนื้อสามชั้นหมู,THREE LAYERS PORK MEAT,0000-00-00,0000-00-00,999
1173,ปอดหมู,LEAN PORK,0000-00-00,0000-00-00,999
1174,ไส้ตันหมู,ASGTAN PIG,0000-00-00,0000-00-00,999
1175,ไส้อ่อนหมู,INCANDESCENT LIGHT PORK,0000-00-00,0000-00-00,999
1176,หัวใจหมู,PIG HEART,0000-00-00,0000-00-00,999
1177,หัวหมูสด,BOAR'S HEAD LIVE,0000-00-00,0000-00-00,999
1178,หัวหมูพะโล้,STEWED PIG'S HEAD,0000-00-00,0000-00-00,999
1179,เนื้อหมูบด,PORK,0000-00-00,0000-00-00,999
1180,ขอบกระด้งเนื้อ,THE MEAT TRAY,0000-00-00,0000-00-00,999
1181,ขี้ริ้วเนื้อ,UNPLEASANT TEXTURE,0000-00-00,0000-00-00,999
1182,เครื่องในเนื้อ,MEAT OFFAL,0000-00-00,0000-00-00,999
1183,ดอกจอกเนื้อ,BEVEL MEAT,0000-00-00,0000-00-00,999
1184,ตับเนื้อ,BEEF LIVER,0000-00-00,0000-00-00,999
1185,น่องเนื้อ,THIGH MEAT,0000-00-00,0000-00-00,999
1186,เนื้อซี่โครงเนื้อ,LOIN MEAT,0000-00-00,0000-00-00,999
1187,เนื้อแดงเนื้อ,LEAN MEAT,0000-00-00,0000-00-00,999
1188,เนื้อปลีกเนื้อ,RETAIL BEEF MEAT,0000-00-00,0000-00-00,999
1189,ลิ้นเนื้อ,BEEF TONGUE,0000-00-00,0000-00-00,999
1190,เศษเนื้อ,MEAT,0000-00-00,0000-00-00,999
1191,สันคอเนื้อ,BUTCHER'S NECK,0000-00-00,0000-00-00,999
1192,หัวใจเนื้อ,BEEF HEART,0000-00-00,0000-00-00,999
1193,ไก่แก่,THE CHICKEN,0000-00-00,0000-00-00,999
1194,ไก่บ้าน,DOMESTIC FOWL,0000-00-00,0000-00-00,999
1195,ไก่ผ่าซีก,CHICKEN CUT,0000-00-00,0000-00-00,999
1196,ข้อไก่,THE CHICKEN,0000-00-00,0000-00-00,999
1197,เครื่องในไก่,CHICKEN,0000-00-00,0000-00-00,999
1198,ซี่โครงไก่,RIBS CHICKEN,0000-00-00,0000-00-00,999
1199,ตีนไก่,CHICKEN FOOT,0000-00-00,0000-00-00,999
1200,ปีกเต็ม-น่องไก่,FULL WINGS - CHICKEN,0000-00-00,0000-00-00,999
1201,ปีกบนไก่,CHICKEN WINGS ON,0000-00-00,0000-00-00,999
1202,สะโพกไก่,CHICKEN THIGH,0000-00-00,0000-00-00,999
1203,อกไก่,CHICKEN BREAST,0000-00-00,0000-00-00,999
1204,เนื้อไก่บด,CHICKEN MEAT GRINDER,0000-00-00,0000-00-00,999
1205,เป็ดสด,FRESH DUCK,0000-00-00,0000-00-00,999
1206,นก,BIRD,0000-00-00,0000-00-00,999
1207,เป็ดย่าง,ROASTED DUCK,0000-00-00,0000-00-00,999
1208,เป็ดพะโล้,POT-STEWED DUCK,0000-00-00,0000-00-00,999
1209,กบ,FROG,0000-00-00,0000-00-00,999
1210,ปลากรด,FISH ACID,0000-00-00,0000-00-00,999
1211,ปลาแขยง,FRESHWATER FISH,0000-00-00,0000-00-00,999
1212,ปลาเคล้า,FISH DISHES,0000-00-00,0000-00-00,999
1213,ปลาช่อน,STRIPED SNAKEHEAD FISH,0000-00-00,0000-00-00,999
1214,ปลาช่อนเล็ก,SMALL FISH,0000-00-00,0000-00-00,999
1215,ปลาช่อนใหญ่,BIG FISH,0000-00-00,0000-00-00,999
1216,ปลาดุก,CATFISH,0000-00-00,0000-00-00,999
1217,ปลาดุกเลี้ยง,CATFISH FEED,0000-00-00,0000-00-00,999
1218,ปลาดุกนา,CATFISH FARMING,0000-00-00,0000-00-00,999
1219,ปลาตะเพียนแดง,RED CARP,0000-00-00,0000-00-00,999
1220,ปลาทับทิม,FISH,0000-00-00,0000-00-00,999
1221,ปลานิล,TILAPIA,0000-00-00,0000-00-00,999
1222,ปลาเนื้ออ่อน,FISH SOFT,0000-00-00,0000-00-00,999
1223,ปลารากกล้วย,FISH BANANA ROOTS,0000-00-00,0000-00-00,999
1224,ปลาแรด,FISH,0000-00-00,0000-00-00,999
1225,ปลาสร้อย,PLA,0000-00-00,0000-00-00,999
1226,ปลาสลิด,TRICHOGASTER PECTORALIS,0000-00-00,0000-00-00,999
1227,ปลาสวาย,PANGASIUS,0000-00-00,0000-00-00,999
1228,ปลาสวายตัว,THE PANGASIUS,0000-00-00,0000-00-00,999
1229,ปลาสวายหั่น,FISH SLICE,0000-00-00,0000-00-00,999
1230,ปลาหมอบ้าน,FISH HOUSE,0000-00-00,0000-00-00,999
1231,ปลาหมอเทศ,TILAPIA,0000-00-00,0000-00-00,999
1232,ปลาหลด,MORAY,0000-00-00,0000-00-00,999
1233,ปลาบด,MILL POND,0000-00-00,0000-00-00,999
1234,ปลาไหล,EEL,0000-00-00,0000-00-00,999
1235,ปูนา,FIELD CRAB,0000-00-00,0000-00-00,999
1236,หอยขม,PERIWINKLE,0000-00-00,0000-00-00,999
1237,กุ้งกลาดำ,BLACK GLASS SHRIMP,0000-00-00,0000-00-00,999
1238,กุ้งกุลาดำใหญ่,LARGE TIGER SHRIMP,0000-00-00,0000-00-00,999
1239,กุ้งกุลาดำกลาง,TIGER PRAWNS CENTRAL,0000-00-00,0000-00-00,999
1240,กุ้งกุลาดำเล็ก,SMALL BLACK TIGER SHRIMP,0000-00-00,0000-00-00,999
1241,กุ้งแชบ๊วย,SHRIMP,0000-00-00,0000-00-00,999
1242,ปลากระบอก,MULLET,0000-00-00,0000-00-00,999
1243,ปลากะพงขาว,SEABASS,0000-00-00,0000-00-00,999
1244,ปลากะพงแดง,RED SNAPPER,0000-00-00,0000-00-00,999
1245,ปลาเก๋า,GROUPER,0000-00-00,0000-00-00,999
1246,ปลาจาระเม็ด,POMPANO,0000-00-00,0000-00-00,999
1247,ปลาจีน,PISCES CHINA,0000-00-00,0000-00-00,999
1248,ปลาซาบะ,SABA,0000-00-00,0000-00-00,999
1249,ปลาแดง,SNAPPER,0000-00-00,0000-00-00,999
1250,ปลาตาเดียว,EYED FISH,0000-00-00,0000-00-00,999
1251,ปลาน้ำดอกไม้,BARRACUDA,0000-00-00,0000-00-00,999
1252,ปลาอินทรีย์,SCOMBEROMORUS,0000-00-00,0000-00-00,999
1253,ปลาโอ,FISH,0000-00-00,0000-00-00,999
1254,ปลาบด,MILL POND,0000-00-00,0000-00-00,999
1255,หมึกไข่,INK EGG,0000-00-00,0000-00-00,999
1256,หมึกไข่ใหญ่,INK LARGE EGG,0000-00-00,0000-00-00,999
1257,หมึกไข่กลาง,INK MEDIUM EGGS,0000-00-00,0000-00-00,999
1258,หมึกไข่เล็ก,INK TINY EGGS,0000-00-00,0000-00-00,999
1259,หมึกกล้วย,SQUID,0000-00-00,0000-00-00,999
1260,ปูม้า,HORSE CRAB,0000-00-00,0000-00-00,999
1261,ปูม้าตัว,THE CRAB,0000-00-00,0000-00-00,999
1262,ปูม้าแกะ,CRAB SHEEP,0000-00-00,0000-00-00,999
1263,หอยแครง,COCKLE,0000-00-00,0000-00-00,999
1264,หอยลาย,CLAMS,0000-00-00,0000-00-00,999
1265,กุหลาบหนู,ROSE MICE,0000-00-00,0000-00-00,999
1266,กุหลาบมอญ,ROSE MON,0000-00-00,0000-00-00,999
1267,กุหลาบมอญช่อ,DAMASK ROSE BOUQUET,0000-00-00,0000-00-00,999
1268,กุหลาบมอญตัดดอก,DAMASK ROSES CUT FLOWERS,0000-00-00,0000-00-00,999
1269,กุหลาบเชียงใหม่,ROSE MAI,0000-00-00,0000-00-00,999
1270,กุหลาบเชียงใหม่กิ่งใหญ่,ROSE MAI BRANCH,0000-00-00,0000-00-00,999
1271,กุหลาบเชียงใหม่กิ่งรอง,ROSE KING MAI VICE,0000-00-00,0000-00-00,999
1272,กุหลาบตาก,ROSE TAK,0000-00-00,0000-00-00,999
1273,กุหลาบตากกิ่งใหญ่,ROSE DRIED BRANCHES,0000-00-00,0000-00-00,999
1274,กุหลาบตากกิ่งรอง,ROSE KING TAK DEPUTY,0000-00-00,0000-00-00,999
1275,แกลดิโอรัส,GLADIOLUS RUSS,0000-00-00,0000-00-00,999
1276,ขิงแดง,RED GINGER,0000-00-00,0000-00-00,999
1277,ขิงชินโต,GINGER SHINTO,0000-00-00,0000-00-00,999
1278,คัตเตอร์เชียงใหม่,CUTTER MAI,0000-00-00,0000-00-00,999
1279,คาร์เนชั่นเชียงใหม่,CARNATION MAI,0000-00-00,0000-00-00,999
1280,จำปี,CHAMPI,0000-00-00,0000-00-00,999
1281,ดาวเรืองตัดกิ่ง,MARIGOLD KING,0000-00-00,0000-00-00,999
1282,ดาวเรืองตัดดอก,MARIGOLD,0000-00-00,0000-00-00,999
1283,ดาหลา,DAHLA,0000-00-00,0000-00-00,999
1284,บัวหลวงสีขาว,WHITE LOTUS,0000-00-00,0000-00-00,999
1285,บัวหลวงสีแดง,BUALUANG RED,0000-00-00,0000-00-00,999
1286,บานไม้รู้โรย,WOOD DOORS TO SPRINKLE,0000-00-00,0000-00-00,999
1287,เบญจมาสเชียงใหม่,FIVE HAMAS MAI,0000-00-00,0000-00-00,999
1288,เบิร์ด,BIRD,0000-00-00,0000-00-00,999
1289,พุด,GARDENIA,0000-00-00,0000-00-00,999
1290,มะลิแช่,SOAK RICE,0000-00-00,0000-00-00,999
1291,มะลิดิบ,RAW RICE,0000-00-00,0000-00-00,999
1292,มัมรอง,MOM SECONDARY,0000-00-00,0000-00-00,999
1293,มัมใหญ่,BIG MOM,0000-00-00,0000-00-00,999
1294,ไม้กำเตย,PINE WOOD GRIP,0000-00-00,0000-00-00,999
1295,เยอบีร่าเชียงใหม่,GERBERA MAI,0000-00-00,0000-00-00,999
1296,รัก,LOVE,0000-00-00,0000-00-00,999
1297,ลิลลี่เชียงใหม่,LILY CHIANG MAI,0000-00-00,0000-00-00,999
1298,สร้อยทองยาว,LONG GOLD CHAIN,0000-00-00,0000-00-00,999
1299,สร้อยทองสั้น,SHORT GOLD CHAIN,0000-00-00,0000-00-00,999
1300,สเปรย์,SPRAY,0000-00-00,0000-00-00,999
1301,สับปะรดสี,PINEAPPLE COLOR,0000-00-00,0000-00-00,999
1302,หน้าวัวเชียงใหม่,ANTHURIUM MAI,0000-00-00,0000-00-00,999
1303,เอสเตอร์,ESTER,0000-00-00,0000-00-00,999
1304,กล้วยไม้ขาว4เอ็น,WHITE ORCHID 4 N,0000-00-00,0000-00-00,999
1305,กล้วยไม้ขาวผ่อง,WHITE ORCHIDS,0000-00-00,0000-00-00,999
1306,กล้วยไม้คัทลิยา,CUT ORCHID ELIYA,0000-00-00,0000-00-00,999
1307,กล้วยไม้ซากุระ,SAKURA ORCHID,0000-00-00,0000-00-00,999
1308,กล้วยไม้ซาบิ้น,ORCHID'S CABINS,0000-00-00,0000-00-00,999
1309,กล้วยไม้ซีซ่า,ORCHIDS CAESAR,0000-00-00,0000-00-00,999
1310,กล้วยไม้ทับทิม,ORCHID RUBY,0000-00-00,0000-00-00,999
1311,กล้วยไม้บอม16,ORCHIDS BUM 16,0000-00-00,0000-00-00,999
1312,กล้วยไม้บอม17,ORCHIDS BUM 17,0000-00-00,0000-00-00,999
1313,กล้วยไม้บอมโจ,ORCHIDS BUM JOE,0000-00-00,0000-00-00,999
1314,กล้วยไม้บอมแดง,BUM RED ORCHIDS,0000-00-00,0000-00-00,999
1315,กล้วยไม้บอมนิว,NEW ORCHID BUM,0000-00-00,0000-00-00,999
1316,กล้วยไม้ม็อก,ORCHIDS MOK,0000-00-00,0000-00-00,999
1317,กล้วยไม้มาดาม,MADAME ORCHID,0000-00-00,0000-00-00,999
1318,กล้วยไม้รินนภา,NAPA PRINCE ORCHID,0000-00-00,0000-00-00,999
1319,กล้วยไม้แอนนา,LADY ANNA,0000-00-00,0000-00-00,999
1320,ใบเข็มสามสี,NEEDLE LEAF COLOR,0000-00-00,0000-00-00,999
1321,ใบเขียวใบหยก,GREEN JADE,0000-00-00,0000-00-00,999
1322,ตอง,TONG,0000-00-00,0000-00-00,999
1323,ใบทางหมาก,THE BETEL LEAF,0000-00-00,0000-00-00,999
1324,ใบนางกวัก,LEAVES NAGKWANK,0000-00-00,0000-00-00,999
1325,ใบปรงเขียว,CYCAD LEAVES GREEN,0000-00-00,0000-00-00,999
1326,ใบปริก,LEAVES EXUDED,0000-00-00,0000-00-00,999
1327,ใบโปร่งฟ้า,LEAVES OPREGฟGA,0000-00-00,0000-00-00,999
1328,ใบพลูจีบ,FLIRT BETEL,0000-00-00,0000-00-00,999
1329,ใบเฟิร์นนาคราช,SERPENT FERN,0000-00-00,0000-00-00,999
1330,ใบเฟิร์นมะขาม,FERNS TAMARIND,0000-00-00,0000-00-00,999
1331,ใบเฟิร์นหนัง,FERNS MOVIES,0000-00-00,0000-00-00,999
1332,ใบเลดี้เจน,LEAF LADY JANE,0000-00-00,0000-00-00,999
1333,ใบหมากเขียว,MACARTHUR LEAVES,0000-00-00,0000-00-00,999
1334,ใบหมากแดง,MAK DAENG LEAVES,0000-00-00,0000-00-00,999
1335,ต้นกวนอิมเขียว,THE KUAN GREEN,0000-00-00,0000-00-00,999
1336,ต้นกวนอิมลาย,GUAN OUSTED EARLY,0000-00-00,0000-00-00,999
1337,ต้นตบ,THE SLAP,0000-00-00,0000-00-00,999
1338,ต้นเตย,PINE TREES,0000-00-00,0000-00-00,999
1339,ต้นพลับพลึง,THE LILY,0000-00-00,0000-00-00,999
1340,กุหลาบ/ต่างประเทศมาเลย์,ROSES / FOREIGN MALAY,0000-00-00,0000-00-00,999
1341,กุหลาบ/ต่างประเทศฮอลแลนด์,ROSES / FOREIGN HOLLAND,0000-00-00,0000-00-00,999
1342,คัตเตอร์/ต่างประเทศมาเลย์,CUTTER / OFFSHORE MALAYSIA,0000-00-00,0000-00-00,999
1343,คาร์เนชั่น/ต่างประเทศมาเลย์,CARNATION / OFFSHORE MALAYSIA,0000-00-00,0000-00-00,999
1344,ทิวลิป,TULIPS,0000-00-00,0000-00-00,999
1345,เบญจมาส/ต่างประเทศมาเลย์,FIVE HAMAS / FOREIGN MALAY,0000-00-00,0000-00-00,999
1346,มัม/ต่างประเทศมาเลย์,MOM / FOREIGN MALAY,0000-00-00,0000-00-00,999
1347,เยอบีร่า/ต่างประเทศมาเลย์,GERBERA / FOREIGN MALAY,0000-00-00,0000-00-00,999
1348,ลิลลี่/ต่างประเทศมาเลย์,LILIES / OFFSHORE MALAYSIA,0000-00-00,0000-00-00,999
1349,ลิลลี่/ต่างประเทศฮอลแลนด์,LILIES / OFFSHORE HOLLAND,0000-00-00,0000-00-00,999
1350,หน้าวัว/ต่างประเทศมาเลย์,ANTHURIUM / OFFSHORE MALAYSIA,0000-00-00,0000-00-00,999
1351,กล้วยฉาบ,SWEET BANANA CRISPS,0000-00-00,0000-00-00,999
1352,ข้าวหลาม,LAM,0000-00-00,0000-00-00,999
1353,วุ้นมะพร้าว,COCONUT JELLY,0000-00-00,0000-00-00,999
1354,กระยาสารท,KRAYASART,0000-00-00,0000-00-00,999
1355,เผือกฉาบ,NACHOS,0000-00-00,0000-00-00,999
1356,ขนมหวาน,CANDY,0000-00-00,0000-00-00,999
1357,ข้าวแต๋น,RICE CRACKER,0000-00-00,0000-00-00,999
1358,มันฉาบ,IT PLASTER,0000-00-00,0000-00-00,999
1359,ฝรั่งแช่บ๊วย,PLUM DIP,0000-00-00,0000-00-00,999
1360,ผ้าผืนผ้าไหม,SILK FABRICS,0000-00-00,0000-00-00,999
1361,มีดการเกษตร,CUTLER FARM,0000-00-00,0000-00-00,999
1362,ผ้าใบกันแดด,THE CANVAS SUNSCREEN,0000-00-00,0000-00-00,999
1363,เสื่อน้ำมันมุ้ง,LINOLEUM NETS,0000-00-00,0000-00-00,999
1364,สลากกินแบ่งรัฐบาล,LOTTERY,0000-00-00,0000-00-00,999
1365,หนังสือพิมพ์,NEWSPAPER,0000-00-00,0000-00-00,999
1366,เครื่องสำอางค์,MAKE UP,0000-00-00,0000-00-00,999
1367,วัสดุก่อสร้าง,CONSTRUCTION MATERIALS,0000-00-00,0000-00-00,999
1368,ถุงพลาสติก,PLASTIC BAG,0000-00-00,0000-00-00,999
1369,ถุงพลาสติก(สัมปทานไม่เสียค่าธรรมเนียม),PLASTIC BAGS (CONCESSIONS FREE OF CHARGE),0000-00-00,0000-00-00,999
1370,ถุงพลาสติก(เก็บค่าธรรมเนียม),PLASTIC BAG (FEE),0000-00-00,0000-00-00,999
1371,หัตถกรรมเครื่องจักรสาน,HANDICRAFT WEAVING MACHINES,0000-00-00,0000-00-00,999
1372,เหรียญที่ระลึก,MEDAL,0000-00-00,0000-00-00,999
1373,รูปภาพ,PICTURE,0000-00-00,0000-00-00,999
1374,สมุนไพร,HERB,0000-00-00,0000-00-00,999
1375,หาบเร่-รถเข็นอื่นๆ,CHAPMAN - OTHER TROLLEYS,0000-00-00,0000-00-00,999
1376,วัสดุรีไซเคิล,RECYCLED MATERIALS,0000-00-00,0000-00-00,999
1377,ตะกร้าพลาสติก,BASKET,0000-00-00,0000-00-00,999
1378,อาหารคาว,SAVORY FOOD,0000-00-00,0000-00-00,999
1379,ขนมของหวาน,DESSERTS,0000-00-00,0000-00-00,999
1380,ข้าวเกรียบโรตรีอาหารอื่นๆ,IN THE CRACKER'S FOOD,0000-00-00,0000-00-00,999
1381,ผลไม้สดพร้อมบริโภค,FRESH FRUIT READY TO EAT,0000-00-00,0000-00-00,999
1382,เครื่องดื่ม,BEVERAGE,0000-00-00,0000-00-00,999
1383,น้ำแข็ง,ICE,0000-00-00,0000-00-00,999
1384,น้ำดื่ม,DRINKING WATER,0000-00-00,0000-00-00,999
1385,เพิ่มลงอักษรได้,ADD IN TEXTBOX,0000-00-00,0000-00-00,999